INSERT INTO Pizaria.Utilizador (email,nome,contato,pass) VALUES ('admin@gmail.com','MacKenzie',957706793,'admin'),('tellus.justo.sit@iaculis.net','Chloe',930567614,'QDZ25FIK9DA'),('vehicula.Pellentesque@elit.co.uk','Yoshio',995221307,'FRW43OGM6ZU'),('tempus.non.lacinia@feliseget.co.uk','Bell',909410950,'HJF46SJJ2RC'),('elementum.sem.vitae@egestas.org','Felicia',998462950,'ZPW83PGX2KK'),('Donec.nibh.Quisque@facilisisvitae.edu','Bree',900741139,'YCR22GSD0EA'),('eu@egestas.ca','Dai',991309173,'JYZ13OZJ0FO'),('In@venenatisvel.net','Rama',911167613,'VVO94ERI1HM'),('nibh@tellus.net','Carla',964241655,'NWZ13BLX6AB'),('dolor@egetdictumplacerat.ca','Herrod',960452234,'ALT73USL1LP'),('ultrices@elitelit.net','Maryam',970727827,'LMV80PWL5US'),('urna.convallis@tinciduntcongue.co.uk','Porter',942559411,'DWO71CLX2KW'),('commodo@Curabituregestasnunc.org','Ivy',920245604,'NQI93GCL0JR'),('Praesent.luctus@ultriciesornareelit.ca','Tanya',979612411,'DTA09KRX4XP'),('Curabitur.dictum.Phasellus@Curabitursedtortor.co.uk','Neil',957329182,'LHE24OQY9GJ'),('nulla.ante.iaculis@temporaugueac.net','Jasper',909907893,'EJP62SZX0SM'),('rutrum.Fusce@loremfringillaornare.co.uk','Rinah',985234466,'EFJ22UAC3AD'),('fermentum@neque.org','Tanya',939443280,'BQR27OMS7EQ'),('parturient.montes@enimEtiamimperdiet.org','Jason',948999426,'ATN72COL7WE'),('cursus.et.eros@dignissim.ca','Ralph',951656400,'COA96IKY6XS'),('risus@orciPhasellus.com','Rhiannon',951856076,'GPF39XPA9VJ'),('ligula.Nullam.feugiat@et.org','Danielle',944155038,'YSY85FTM2LW'),('amet.nulla@sit.net','Barrett',959639684,'DAO16NPW8TV'),('sollicitudin.adipiscing@per.edu','Eagan',964209801,'PXA65ODN7BP'),('lobortis@adipiscinglacusUt.net','Jolie',905337696,'BFA11NFT9YH'),('Donec.est.Nunc@Fusce.edu','Tanner',999884225,'SEI96NGQ3JF'),('eu@orci.net','Carson',988187504,'SKO87TGG2RY'),('volutpat@lacinia.co.uk','Slade',999345825,'OYB84NWM6FT'),('rhoncus@conguea.org','Alexandra',909423452,'TMX20SRF8GB'),('tristique.pharetra.Quisque@loremvitaeodio.ca','Delilah',977196417,'QGB90TFC1UT'),('tempor@eutellus.com','Colorado',953124332,'CTE00EFQ8KN'),('at.arcu.Vestibulum@ultricesmaurisipsum.co.uk','Sierra',967942423,'RFA69BSP3GD'),('Phasellus@elit.net','Rebekah',971321034,'WTP96CUI9JA'),('Nam.ac@lacusvestibulum.edu','MacKenzie',941316486,'XUI40CPV2MD'),('Mauris.molestie@vitaeorciPhasellus.edu','Yvonne',972032844,'HBD85LFS0EW'),('per@utaliquamiaculis.com','Tate',921949061,'YIS73NJS4OL'),('Duis@vitaeorci.com','Francis',953788042,'TFC74ZSQ9FH'),('risus@felis.org','Gary',934647993,'YYJ42YRH9FH'),('turpis.non.enim@In.ca','Ivory',990710392,'TKQ55LIW6FM'),('neque@auguemalesuadamalesuada.net','Thor',918984793,'YRX64SDA3XB'),('Aenean.massa@ornareegestas.ca','Thane',942814637,'TGZ09ZEB2RW'),('elit@lorem.com','Reed',982207400,'LSN03LNM9GM'),('ornare.In.faucibus@eleifend.org','Keegan',945202936,'TMB33CQN0JI'),('dui@vehicula.co.uk','Marah',959865020,'TMG15MXH1AY'),('tellus.Suspendisse.sed@Maurisvestibulum.ca','Eden',956318654,'NQM41NUH3XV'),('ultricies@Mauris.co.uk','Judith',982421847,'LST59DEN0SU'),('diam@Nullamscelerisqueneque.edu','Quinn',946761248,'KEN26QWR4VU'),('Mauris@convallisest.co.uk','Cheyenne',985246964,'EJY49VPJ3VD'),('lacus.Etiam@ametconsectetuer.org','Merrill',946239133,'DCQ72IXE5DZ'),('nunc.In@imperdieterat.co.uk','Sylvester',942112938,'TTX00GLJ6IU'),('magna.malesuada@nonduinec.net','Miriam',907611284,'ZTN05AOK0QA'),('Nullam.nisl.Maecenas@Mauris.ca','Renee',904706272,'PUZ50JUO4IO'),('et@elitNullafacilisi.ca','Asher',975655197,'SZB04FFR8QI'),('faucibus@egestasnunc.ca','Jared',981787497,'WIS81DZV9XG'),('vestibulum@loremfringillaornare.com','Timothy',971954982,'SPK39ZVX7BY'),('odio@quamquisdiam.net','Castor',992347432,'MOX19OUD7TR'),('ultrices@vulputate.org','Mikayla',935755324,'PTI56RRA8EJ'),('lorem.ac@vestibulum.ca','Felix',908646083,'OTW03EUK9XB'),('eu@lacus.edu','Dalton',929301428,'RHE32ZVQ4KN'),('imperdiet.non.vestibulum@eutellusPhasellus.co.uk','Jerry',937239564,'WZK88ZRK5UL'),('luctus.et@luctus.net','Regina',951041205,'JVH58HNK3DR'),('vel.sapien@velnislQuisque.net','Raven',916536011,'THG16MUS4UP'),('Vivamus@morbi.co.uk','Tad',975688892,'OAO29CNQ9ZK'),('odio.Phasellus.at@dolor.com','Kylan',946559959,'HCO01KPF6LK'),('vel.convallis@In.edu','Charles',966717179,'QVQ24PCE3WV'),('eu@vehiculaaliquetlibero.com','Declan',966283227,'GWR40KBW4CG'),('tincidunt.pede@Maurisquisturpis.ca','Martin',953092774,'FJA72FEU8JT'),('mollis@Quisqueporttitor.net','Melinda',924625738,'FQH80EQP9CQ'),('euismod@fringillamilacinia.net','Drew',962015658,'PEK97PWC8BQ'),('ut.dolor.dapibus@Utnecurna.net','Debra',982877116,'OAH97WHG3SR'),('malesuada@laoreetposuere.ca','Chantale',970701113,'DLK81RIV4JP'),('semper@vehiculaaliquet.ca','Jana',906244855,'YDP23RVW5KL'),('Nunc@rhoncusDonec.net','Hiroko',926028707,'HDI28YQE0LV'),('aliquet.Phasellus@ipsum.ca','Jin',995597353,'QDP76OXW1UW'),('ac.facilisis.facilisis@nunc.edu','Lamar',934704443,'JXI48ETD0PM'),('sem.ut.dolor@dictumProineget.ca','Allen',957141785,'LAW97PTS8CO'),('egestas@aliquameu.net','Wynne',961772970,'HQC11BVD5IN'),('orci.tincidunt@sem.edu','Unity',946561941,'SSH35JEZ2KM'),('libero.Integer@egestasrhoncus.edu','Octavius',966908720,'SPU45ATD1CJ'),('Curabitur.consequat.lectus@egestasadui.edu','Fuller',963518635,'FHV33BKP6KM'),('vel.vulputate.eu@mollis.net','Maxine',924900531,'NBW95GNB3ZX'),('ullamcorper.magna.Sed@enimcondimentum.ca','Linus',979217932,'OUS80TJE6UV'),('Sed.neque.Sed@turpisegestasAliquam.com','Blossom',908514522,'RFS87VSD3VN'),('felis.eget@Duisac.ca','Melvin',996915336,'MFW90VEP2FA'),('felis.orci@hendreritidante.com','Basia',958976713,'XVB60ZZC3HT'),('non.luctus@lacusAliquamrutrum.ca','Joelle',947366773,'KAE25QBI3QG'),('luctus.sit.amet@Aliquamnisl.com','Tanisha',928399781,'IWT71MZX3CO'),('nonummy.Fusce.fermentum@adipiscingenim.com','Hadassah',980344193,'KDR55YRF7YN'),('nisi.a.odio@erosNam.edu','Boris',904471184,'LQZ68WSV0AE'),('commodo@lectusconvallis.net','Winter',925504628,'ZZC37XYF4YU'),('sem.elit@luctusvulputatenisi.co.uk','Armando',957608043,'PVT31EFQ4JE'),('risus@Nunc.org','Montana',998091825,'GWS41NXX9QX'),('odio.Phasellus.at@neque.edu','Jin',934615758,'MMX91OPG0UZ'),('pede.blandit@dignissimpharetraNam.net','Shay',933644819,'ZKX64JUV6FF'),('nec.ligula.consectetuer@eterosProin.edu','Lillith',945739117,'OMJ23KTQ0YZ'),('eu.euismod.ac@Nulla.ca','Lacota',912628298,'KUH07PCB2JC'),('facilisi@pharetranibhAliquam.net','Hasad',938727192,'YUT33TTA8AX'),('massa.non@facilisis.co.uk','Desirae',995835216,'PJV55AVX4TS'),('quis.pede.Suspendisse@necluctusfelis.org','Bevis',984080380,'EKG91RVI1IC'),('sapien.Cras@etultrices.co.uk','Magee',971760370,'YEM08XOI2OU'),('vestibulum.neque.sed@orci.co.uk','Zenaida',924256541,'BPA19SJH2HH'),('aliquam.eros.turpis@ultrices.edu','Reese',962841023,'LAV22NDJ0BP'),('ultricies.ornare@risusQuisque.com','Kevyn',969608193,'BMP09UMV2AH'),('penatibus.et.magnis@afeugiattellus.ca','Colleen',996115032,'ONF30MBE0BO'),('lectus@tempuseuligula.net','Clare',949703997,'ECV48ESJ4HJ'),('risus.Nulla.eget@Crassed.edu','Fay',917363724,'IGA70GVM6WJ'),('vulputate@orciadipiscing.ca','Kyra',983245585,'MTD69MWI6WJ'),('Pellentesque.tincidunt@etpedeNunc.org','Kamal',922577650,'MCH00AHT7SQ'),('rhoncus.Donec@aliquetProin.ca','Wallace',960622578,'ERU73KVC5IG'),('aliquam@ametloremsemper.edu','Amena',920846405,'WKM04VAE6KP'),('sit@aliquetlobortis.org','Petra',952780766,'PVX96XJJ1FP'),('Sed@Quisqueimperdiet.edu','Mia',926848577,'PNH05FZQ5DP'),('ultrices.mauris.ipsum@bibendumDonec.edu','Hiroko',967972256,'HQQ84QRC4XW'),('ligula@pede.net','Elijah',958211301,'HON45ISV5BP'),('ultrices.Duis.volutpat@consectetueripsumnunc.org','Merritt',989493690,'RMA95VZV1LV'),('ante.blandit.viverra@ipsum.edu','Matthew',954837616,'SLF34UTL7EG'),('imperdiet.ornare.In@Namnullamagna.net','Astra',912041537,'PAW95QBL2IL'),('nibh.enim.gravida@actellus.ca','Kelly',902551515,'ZXQ25XYX3ZM'),('nisi.Mauris@Nuncmauris.ca','Owen',938359361,'JLU34XZZ2FR'),('tempus.risus@risusDonecegestas.org','Daquan',955364925,'WWX25ITV6QW'),('sagittis@rutrumnon.com','Kimberly',910307204,'FYZ83PRY2OS'),('sagittis@sed.com','Brock',915343571,'BSF77HRV5SK'),('montes.nascetur@ornare.edu','Paula',918088485,'EQZ44OXY4RD'),('lectus.ante.dictum@Nullam.co.uk','Brenda',985463476,'UZO47RBP7MT'),('gravida.mauris.ut@dapibus.co.uk','Colette',949082834,'OOW43BYH5MD'),('a.arcu.Sed@aliquetsemut.com','Nicole',924486954,'GQM13RKC8HK'),('Integer@felisullamcorper.co.uk','Jerry',941755780,'WXJ40BBL8RH'),('mauris@suscipit.edu','Yardley',926894822,'XGZ02HZK8NM'),('tellus@non.org','Adele',914521667,'IGH03NBX3TT'),('tellus.id@consectetuer.ca','Mollie',955678639,'YBH85USY3SV'),('risus.odio@sollicitudincommodoipsum.co.uk','Rama',922768203,'ZDU01SPU5XA'),('nec.enim@magnaCrasconvallis.org','Blake',992415000,'WJO81TEE8MF'),('turpis@antebibendum.co.uk','Inez',988585628,'ZBW23KAN3EY'),('porttitor.eros.nec@ipsumdolor.net','Alma',952274555,'OFC13FUG5OK'),('Nunc.pulvinar@temporarcu.ca','Candice',920553816,'IRA30EER8ZP'),('penatibus.et@Integer.ca','Abdul',911886287,'BDL34MAP7NV'),('vehicula.et.rutrum@quis.org','Bo',909995220,'ZSJ26LNU6GN'),('accumsan.convallis@mollisduiin.com','Erich',916958390,'EGM44SVU1SD'),('aliquam@imperdietullamcorper.com','Chester',904805309,'PBK24PZW5JQ'),('Aenean.massa@luctusCurabitur.org','Gage',929162512,'JWG59ISL1IK'),('purus.accumsan@nonquamPellentesque.edu','Jeremy',944484602,'QWZ26DAH8NC'),('et.magna@Nullamfeugiat.net','Imogene',981627481,'HZP67QVK4GN'),('ultrices@sit.edu','Thaddeus',940958128,'UCS04VIF5PT'),('at@Nunclaoreetlectus.net','Ivan',923473068,'LZV68RRW6QO'),('dignissim.tempor@Inmipede.net','Nichole',966592528,'HAV36HSB4EM'),('enim.mi.tempor@ametluctus.edu','Gisela',958128894,'GKI32YVZ8KX'),('leo@velitQuisquevarius.ca','Hamilton',903549309,'BBI69FYD4FQ'),('aptent.taciti@sodalesMaurisblandit.com','Lesley',990358396,'SVN31LNS6NK'),('mus.Proin@Maecenasornareegestas.ca','Adele',936876350,'LIM48ZIK1LY'),('nunc@euismodestarcu.edu','Branden',991475314,'XHT81VCL8IM'),('tellus.Suspendisse@disparturientmontes.org','Steel',913075814,'OMV01EZR7VL'),('a.purus@magnaSedeu.net','Melissa',934667720,'VWJ00EVX0PB'),('In@dictumultriciesligula.ca','Zenaida',946583092,'NKE15KHD4RX'),('magna@montesnasceturridiculus.org','Sawyer',921302017,'RBJ12YEW3LL'),('ligula@nulla.org','Alisa',962623049,'VZL45ZRX0SP'),('nisl.elementum@Phasellus.com','Noble',976548570,'VYV80LCB3SI'),('Aliquam.auctor.velit@mollis.org','Dalton',906546158,'HSM50NFT5FA'),('magna@vestibulumneque.net','Tatiana',996932570,'DJY09SGE0ZZ'),('et@egestas.co.uk','Tanner',930758266,'MJI26YIA8UH'),('libero.Morbi@metuseu.net','Audrey',903319979,'HHV77DEM0KK'),('Nullam@laciniaorciconsectetuer.co.uk','Alisa',975794831,'VJA40NQW6KC'),('faucibus.orci.luctus@magnisdisparturient.edu','Dolan',993112627,'DHH71RBY5WV'),('dictum.Proin@nascetur.edu','August',908977643,'SSX11ZFY5MH'),('dui@orcisemeget.org','Riley',971974813,'GFR87DZA6LJ'),('ornare.lectus.justo@elementumpurus.org','Coby',964874981,'UIK37EPP8JX'),('fermentum.metus.Aenean@ametrisusDonec.edu','Rigel',928965845,'RKR31NBQ4TD'),('nec.leo@vel.ca','Serina',966463630,'JYG18BXU3WG'),('sit@sit.co.uk','Ramona',961229231,'ZCN75IZD9HK'),('senectus.et.netus@nequenon.co.uk','Todd',974492153,'WLQ41PRE4EA'),('scelerisque@ligulaAliquam.org','Fletcher',946412741,'RGT19UJY0JC'),('malesuada.vel@incursus.edu','Cheryl',942054376,'NRL02YDU5CL'),('turpis.vitae@ultriciesornareelit.com','Paula',967525163,'DME45FAH7WQ'),('rutrum.magna@vitae.org','Valentine',914693356,'WBT97JGF3OV'),('Phasellus.dapibus.quam@enim.edu','Sade',934684863,'EDK44BGD3QR'),('aliquet.lobortis@Donecnibh.ca','Keaton',907366151,'FKJ52DED2NM'),('elit@malesuadafamesac.net','Gary',996636412,'RQI41HRJ0HS'),('elit.Aliquam.auctor@parturient.edu','Grace',927370196,'CFK74CTF2DD'),('non@vitaeorci.ca','Preston',965496686,'IOL11DUM0VJ'),('Donec@euaccumsan.org','George',919333578,'AGH69HWK2AS'),('lorem@ettristique.edu','Griffith',974927734,'TUK31GUF9UD'),('adipiscing.fringilla.porttitor@luctus.com','Xyla',959189926,'LOH73PEQ3FL'),('metus.urna@tempusnon.co.uk','Stephen',937357267,'NFN18AKR6WM'),('dis.parturient@Integervulputaterisus.com','Steel',925990494,'VRK67IAX7DT'),('amet.risus@Inat.net','Blaze',998556732,'NJO11NYD6DV'),('tristique.ac@Cumsociisnatoque.net','Christine',955064351,'YYB29FUD5DG'),('eu.euismod.ac@mattis.edu','Chaney',905853595,'VRL59UXB5SV'),('Nullam.nisl@facilisisnon.com','Angela',928656709,'ZCP70RRH7FV'),('mollis.Phasellus@nibh.net','Rama',966916032,'HKC28KUZ5WF'),('fringilla@Inmi.co.uk','Jescie',952334224,'DBZ72ZKI5DV'),('molestie.Sed@nunc.edu','Tyler',959481143,'INV19HAG7OG'),('velit@Sedidrisus.edu','Connor',916394220,'AUT04NYA4LF'),('Curabitur.dictum@dui.net','Cassady',951682934,'FTK94XFO4CJ'),('Mauris.magna.Duis@ornare.net','Damian',976823540,'NYJ08YNP8MG'),('dignissim@famesacturpis.edu','Keane',946967481,'MSI88BYH9QM'),('elementum@Sed.edu','Mason',980552978,'ZIF95DTZ9RL'),('in.magna@dolornonummyac.ca','Perry',936356518,'RIC76JLV6LJ'),('ornare.egestas.ligula@mollis.net','Yuli',944026274,'RVU59MNL5XY'),('velit@mollisDuis.co.uk','Camilla',928726854,'DXO44PSX4MN'),('posuere.vulputate@tristiquepharetra.com','Amir',901514873,'LGW40XWU5AU'),('Aenean@magnanec.ca','Caldwell',982223366,'BSH22LYT6PM'),('consectetuer.mauris.id@Proin.co.uk','Gail',976277755,'RCJ04RPP6MU'),('dolor.dapibus@Morbi.net','Jonah',922929956,'URD31HTT4UO'),('eu.ultrices.sit@leoVivamusnibh.net','Jesse',959745608,'PNX21IKW9LF'),('neque.Nullam@eratvitaerisus.edu','Damon',938679333,'UFR01AVQ4HP'),('Vestibulum@eratvolutpatNulla.co.uk','Cally',996547973,'APB72JSD6RG'),('Sed@Aeneanegestashendrerit.co.uk','Avye',933502481,'YXV35MMG0YA'),('arcu.Curabitur.ut@acmattisvelit.net','Hollee',980749415,'QFM82QSV2ZG'),('pede.ultrices@lectusNullamsuscipit.co.uk','Nina',994315430,'UDH44ZGX6RD'),('ante.dictum.mi@consectetuercursus.ca','Abraham',997715379,'ZVH15WZH5DC'),('est.mauris@idmollisnec.ca','Josiah',916774534,'RYH32KYU9ZR'),('ullamcorper.velit.in@velit.co.uk','Naomi',913832144,'CMP20CMV1CA'),('laoreet@congueturpisIn.org','Barry',940790956,'XSJ93DSK9TC'),('imperdiet@pretium.ca','Holmes',976836194,'KKZ32FCI3GQ'),('eleifend.Cras@faucibusorci.ca','Melodie',915570649,'GSS28GFC2OZ'),('egestas.rhoncus@lobortisultrices.com','Amena',976043106,'QLW39MBY3JR'),('et@Nunc.co.uk','Regan',974499203,'XGJ28ZHF8GB'),('porttitor.scelerisque@nulla.co.uk','Vernon',979642687,'HEE85HSS6WR'),('Duis@rutrumFuscedolor.org','Mollie',997933910,'LFX59ZYB5NL'),('Aliquam@egestasascelerisque.edu','Sydney',923460684,'PQG87ZLI9AQ'),('ridiculus@risusInmi.edu','Thaddeus',973541301,'FRB11FAR4RR'),('in.felis.Nulla@Nuncsed.ca','Ora',960087320,'FYB73HIL4KX'),('Etiam@adipiscinglacusUt.org','Tamekah',906625554,'EST11BEJ6DG'),('arcu@erat.ca','Kelsie',975540797,'XAK89AZG7LU'),('Nunc.sed.orci@montesnasceturridiculus.com','Joseph',992703054,'PIV24XPG7OU'),('sed@est.org','Kadeem',921090283,'KTG70BKB5PR'),('non.lobortis.quis@eudolor.ca','Aristotle',957195624,'VTE22CRB9JJ'),('lectus.Cum.sociis@eu.net','India',956871498,'CPN78PMR5EQ'),('mauris.sapien.cursus@atauctor.com','Clio',922750936,'BYH79JCL6WD'),('ipsum.dolor.sit@cursusluctus.edu','Ulysses',995227963,'YLA99YWL6RJ'),('lacinia@a.edu','Gary',968415290,'UJV05WSU9YJ'),('amet@lobortis.co.uk','Isabella',959265378,'PDB82CGC5KL'),('lobortis.tellus@magnaCrasconvallis.co.uk','Mannix',957040783,'YXK05MCB4SO'),('neque.et@velconvallis.co.uk','MacKensie',988513952,'BTH54NZA0SH'),('Ut.tincidunt.orci@vel.ca','Tatyana',910978278,'BGP93QBO7GU'),('vitae.purus@aliquameu.edu','Clementine',935638029,'YIU27XNO1XR'),('rutrum.lorem@nulla.co.uk','Joel',903879168,'TFF81IFA1ZL'),('at@auctorvelitAliquam.com','Clayton',931221147,'UDB21YGX3BY'),('amet.dapibus@lobortis.net','Maite',966189154,'GIY58DPL9OO'),('senectus@bibendum.net','Channing',979465093,'CIC09DAW0UI'),('magna@Aliquamgravida.edu','Emmanuel',906875668,'ZKC36FOS4RW'),('faucibus.ut.nulla@Donec.com','Dakota',987684657,'PWI93JOH9IE'),('magna.Sed.eu@Fusce.net','Rinah',981167041,'WJB93SRY8DM'),('quis.diam@risus.net','Preston',984314358,'DUB74ULU1GX'),('euismod@lectus.org','Fitzgerald',954296924,'TCA88LRP5VI'),('ac.eleifend@Suspendisse.com','Signe',987783961,'IEP46QRE5EI'),('Aenean@loremlorem.ca','Ezekiel',905990545,'VOV01KMZ5VF'),('tempor@loremfringillaornare.co.uk','Elvis',963006119,'VJD55KAM1CV'),('consectetuer@Proinultrices.ca','Oprah',966263684,'PVH06FXD2EO'),('Nulla.aliquet.Proin@estNunc.com','Genevieve',957928337,'KGW60UUQ5WY'),('mi.pede.nonummy@ipsumleoelementum.org','Driscoll',904897353,'FJI75LVU5FJ'),('enim.gravida.sit@ac.com','Carter',913167695,'NGX75ZTK3MI'),('risus@Ut.edu','Alexa',900219193,'CVM33YMO8XN'),('parturient.montes.nascetur@enim.net','Dacey',940566558,'VHP21JHM2OG'),('semper.et@nislsem.net','Kareem',931541645,'HPZ98XAW4LS'),('malesuada@mollisDuissit.net','Leo',990244198,'PNE54FZL4RP'),('eu.nulla@arcuAliquamultrices.edu','Aaron',944898372,'OLB03ABB1SQ'),('consectetuer.ipsum.nunc@ligula.com','Dillon',985507804,'JTB89OVN3SU'),('penatibus.et@tinciduntpede.net','Cody',962033745,'LRW48OIE1ZN'),('Phasellus.fermentum.convallis@egetmetus.org','Wilma',989069062,'AKI70ULY8XY'),('congue.In.scelerisque@gravidamauris.edu','Hadley',970179885,'COF57LAU4ZN'),('id.mollis.nec@purus.com','Amir',981582124,'CEE75AUE5JY'),('Mauris.quis.turpis@etipsum.co.uk','Raven',967802864,'OMN18BMP0PY'),('Etiam@diam.com','Blossom',956527251,'TPL51TWP9RG'),('tellus@amalesuadaid.net','Todd',973823726,'FLY30ZCF3UI'),('aliquam.iaculis@risusquisdiam.org','Katell',946089008,'LXQ40QDX3NQ'),('orci.tincidunt.adipiscing@atfringilla.org','Serina',932340496,'OTF37AOJ0SF'),('Duis.cursus.diam@dolor.com','Uta',953345548,'KAO15ABU2FZ'),('diam@ullamcorper.net','Karly',935275491,'RHI71YLW5LF'),('lacinia@Donec.net','Felicia',948738483,'NWW55ACB9JD'),('mauris.sapien@felisorciadipiscing.org','Jackson',984847851,'WDU40ANU5GK'),('placerat@mauris.ca','Cameron',971559304,'UQD76XIZ2MM'),('aliquam@risusDonec.edu','Marvin',950869409,'MJH06IGV6GV'),('Nunc.mauris.elit@ametconsectetueradipiscing.edu','Serena',940291167,'HTR31VYM1NH'),('Donec@luctussitamet.ca','Maggie',923954939,'LHR76YFW4SG'),('Etiam.vestibulum.massa@Crasdictum.ca','Kane',948090757,'OAS87TCD3KW'),('blandit.Nam.nulla@Integereu.net','Dalton',925430596,'PTS17MLS1WC'),('in@malesuadafamesac.org','Kato',982621163,'JGA74AHF1GY'),('ac@Suspendisseacmetus.net','Yetta',907500946,'POW10ECI7MU'),('eros@facilisisnonbibendum.ca','Honorato',951495642,'TGI66NHX6KF'),('a.facilisis@lectus.org','Phyllis',991247012,'YWE53FEC0YB');
INSERT INTO Pizaria.Utilizador (email,nome,contato,pass) VALUES ('sagittis.semper.Nam@consectetuereuismodest.org','Ian',910842342,'OEX62UGK5BT'),('sem@lobortisnisinibh.org','Kim',919783113,'QZX59KHH6PL'),('amet@lobortisultrices.edu','Brock',940234614,'MXW97IAH0SB'),('et@massaSuspendisse.org','Kimberly',908049960,'QHP31MJB7RC'),('Vivamus.molestie.dapibus@malesuada.edu','Rinah',913767778,'PPF97ARQ9FW'),('vitae.risus.Duis@Integeraliquamadipiscing.edu','Hyacinth',913231064,'XAZ76KIT7AG'),('nulla.Donec.non@malesuada.net','Reed',934536978,'XVT30PCH2JT'),('euismod.et@malesuada.org','Zenaida',922981332,'KUP04DDU9SP'),('sit.amet.risus@Nuncacsem.edu','Marah',907004363,'FPN35QWH2YN'),('tempor@laciniaorciconsectetuer.com','Kellie',961392419,'WAD05JET5YI'),('magna@lacus.org','Raja',900304502,'EFN74DKC3II'),('eget.tincidunt.dui@ut.ca','Bianca',987396653,'YIQ64LBO8LL'),('pede.Praesent.eu@imperdietdictum.co.uk','Jordan',945669628,'TIE51LFY2WY'),('aliquam.enim@acnullaIn.org','Raymond',978537664,'INJ93HQM4XE'),('ipsum@semperrutrum.ca','Abdul',985255578,'NAI07RDJ6FK'),('Fusce@posuerevulputatelacus.edu','Alea',942169474,'SNW91JLP6CV'),('risus.In.mi@malesuadaid.ca','Isadora',928941615,'IEX59NQK2YS'),('eu.enim.Etiam@nonegestas.co.uk','Wade',992504074,'GXU44BMW9TQ'),('arcu.eu@dolorFuscefeugiat.edu','Ocean',966394569,'IRK34FPB3TJ'),('ullamcorper.Duis.at@ultriciesadipiscing.edu','Driscoll',944173615,'JOT83NHP9QQ'),('nunc.sed.libero@natoque.edu','Jaime',999743952,'GAZ64UQJ7UQ'),('et.eros.Proin@faucibus.ca','Tyrone',916734802,'HER89XTT1YA'),('Suspendisse@montesnascetur.co.uk','Gregory',930124934,'EDJ78TIK4VX'),('Vestibulum.ante.ipsum@Fusce.org','Morgan',963363817,'BHW08APG9MW'),('Etiam@auctorullamcorpernisl.net','Wanda',976250204,'ISD00NWK2IR'),('diam.at@elementum.ca','Yen',960985820,'VFC46XUN7FL'),('quis.turpis.vitae@dictum.co.uk','Iris',934761069,'YNP21JSL8FC'),('imperdiet.ornare.In@elitdictumeu.co.uk','Mary',987427925,'HTY39FGK4GO'),('non@ligulatortordictum.org','Yuri',910612877,'TIL76PRI3VD'),('non@orci.org','Garrison',966275898,'AYE12VCE0YY'),('ligula@neque.edu','Eve',908610056,'EPB06WSI8BG'),('eleifend.vitae@odio.com','Wade',937987756,'TAX49HEA4MO'),('ligula@nec.com','Nora',957957138,'LYD65XLG4BT'),('nibh.vulputate@nonarcuVivamus.edu','Branden',919656102,'CQV80OLA6UR'),('nulla.Cras@Donecluctusaliquet.org','Blaze',947256070,'KSL86XXU0AX'),('dis.parturient@tincidunttempus.org','Leandra',932193830,'JGY26YQU2IO'),('imperdiet.erat@etpede.org','Graiden',952377772,'VGQ55MZA7GE'),('et.arcu@DonecestNunc.net','Tanisha',938219848,'TMX14KPB2RF'),('vitae.risus@Etiamlaoreetlibero.ca','Ciaran',976572674,'EVR64MBH2OZ'),('mauris.erat.eget@sit.edu','Gabriel',939123452,'VPB44KHI7ZZ'),('ante@eros.com','Harrison',919905596,'UPM25FOI2YP'),('Aliquam.ornare@sit.ca','Audrey',901362349,'NAA38FRM5LG'),('posuere.cubilia@convallisconvallisdolor.org','Colorado',936127803,'AZL07CHK2LQ'),('nec@pede.org','Knox',926175281,'BAW43WRO7DE'),('In.faucibus@massaQuisque.ca','Allistair',983317785,'GEP35VQP9DT'),('auctor.non.feugiat@ataugueid.ca','Leroy',911079118,'JPO69LIE7VF'),('id.ante@euodioPhasellus.net','Tamara',973371497,'LYB45CSS2VQ'),('eu.elit@nequeet.com','Cathleen',997640793,'JVE82OJB5IO'),('augue.eu.tellus@tellus.co.uk','William',993405458,'LAD19KBF8HH'),('adipiscing.lacus@esttemporbibendum.ca','Aspen',909547257,'QOK19QCI8VH'),('pharetra.ut.pharetra@vitaeerat.edu','Basil',970264924,'TPB75NCP3HO'),('ligula@ipsumPhasellusvitae.net','Cyrus',989767220,'VIM89DMO6MT'),('Vivamus.euismod.urna@nuncsed.net','Kennan',904122898,'VTE05BPS2RE'),('lobortis.Class@consectetuereuismodest.com','Clayton',908617832,'WEK03ADN2KD'),('eu@nulla.edu','Tate',914800400,'MNK88WPX2CY'),('montes.nascetur.ridiculus@lorem.net','Benedict',970694951,'VPA19WXL5UM'),('magna@aliquetsem.net','Jessica',943819509,'AKH85ZDX4XH'),('id@magnis.ca','Randall',935238471,'QVZ03OUH0PX'),('magna@acfermentumvel.edu','Matthew',928924051,'SJC60YVI3FO'),('adipiscing.fringilla.porttitor@eusemPellentesque.org','Xander',980470596,'MAX08KBO9PK'),('quis@magna.com','Alexis',907994040,'TNH86YYS7MN'),('nisi.a@non.com','Harper',957965769,'PBH71THQ8RB'),('Proin.eget@faucibusMorbi.com','Mikayla',987429798,'UJY75RSE9GX'),('in.tempus@vitaediam.ca','Larissa',932865595,'CVG75MBI8IJ'),('ipsum@sollicitudinamalesuada.com','Jack',998468341,'ZRX00JDB7XH'),('ligula.Aliquam.erat@magnaPhasellus.org','Blake',936200293,'ZLM76EZX9BF'),('Duis.elementum.dui@urnanecluctus.edu','Jocelyn',908707984,'WAA93PYX5LX'),('urna.convallis.erat@fermentumfermentum.org','Delilah',943058112,'CPB34MOB5HJ'),('neque.In@nulla.edu','Lane',902626671,'ADS31BLU1ZZ'),('aliquet@VivamusrhoncusDonec.com','Noelle',944887775,'EKH03TBE1VD'),('congue@auctor.co.uk','Derek',987924803,'XXO52HTV4YO'),('eget.laoreet@aceleifendvitae.edu','Martena',919296067,'TBO08JCB4IA'),('a.purus@posuerecubiliaCurae.org','Denton',927265296,'AJL66RDT5VL'),('ac.facilisis.facilisis@tortorat.net','Clayton',959885688,'SDH13DZD5ZO'),('tempus@bibendum.co.uk','Tanek',911388571,'QOX36VEO4EC'),('arcu.Curabitur.ut@turpisnecmauris.edu','Warren',980212133,'KKB89PAJ4RO'),('amet.luctus@mi.com','Ebony',942123651,'KWP84DHM9DR'),('Sed@sit.com','Desiree',915155317,'HEO74CCG2HO'),('non.hendrerit@conubianostraper.net','Tad',981461097,'DUX62JIW4GB'),('Integer.aliquam@noncursus.co.uk','Yuri',962948974,'YKX09NLB7FK'),('vitae.risus.Duis@velnisl.co.uk','Hasad',905528988,'ZEF31TUD2OH'),('at.velit@ullamcorper.ca','Lani',977697644,'CBY01FGE7TP'),('quis@ultricies.net','Brody',902523895,'HCV93ZKB8CA'),('bibendum.Donec.felis@diam.com','Baker',917104350,'PIZ47OAM7ZO'),('at.risus.Nunc@maurisblanditmattis.ca','Maxwell',947608808,'GMH79TVV3EI'),('pellentesque.Sed@adipiscing.co.uk','Todd',937686523,'EUE76RTR6KE'),('nisi.Cum@orciUtsagittis.edu','Heidi',925521441,'NIM18BFU1VV'),('arcu.Vivamus@Fuscemi.com','Macaulay',930228637,'TKH60UQE7EI'),('aliquam@libero.co.uk','Rose',928952285,'OBG86MXF2VQ'),('quam.vel@lorem.org','Rina',938033662,'EKN52IDY7LC'),('Nulla.eu.neque@orci.co.uk','Chaim',985632011,'CAR27CGJ2AE'),('dictum.Phasellus@egestasrhoncus.org','Yuri',976483473,'AQX91YDL6BY'),('feugiat.metus@vel.ca','Armando',903202095,'MQD85HKX1GQ'),('sem.ut@purus.edu','Karyn',991693489,'NDC96FSF0OS'),('pharetra@magnaSuspendissetristique.co.uk','Nicole',993990446,'DBY55MVQ2HN'),('aliquet.Proin.velit@dictummagna.co.uk','Montana',976761436,'GCV02GGG4ZD'),('semper@ligulaDonecluctus.org','Hedwig',916597633,'GAX14WWH1VV'),('imperdiet.ornare@ataugueid.com','Brenna',939640768,'FIG30FXV7AE'),('elit.Etiam.laoreet@orci.net','Julian',900679857,'WKU70MNK2RW'),('nec.ligula.consectetuer@nibh.com','Alma',942993567,'LHA53SQG1PG'),('rutrum.lorem@commodohendrerit.co.uk','Jolie',969873811,'ZPU59TCM6LC'),('nisi@Phasellus.co.uk','Vivian',980798812,'XOM71DZH0DL'),('neque.tellus@odioAliquamvulputate.org','Ayanna',957788648,'DPJ36ILH0XA'),('rutrum.Fusce@lacusCras.org','Renee',993487198,'HRY34MKA2JH'),('ligula.Nullam.enim@utlacusNulla.org','Irene',957681415,'FQB33KQF3XH'),('Duis.cursus.diam@eget.com','Keiko',974349716,'MCW25BXJ3YN'),('mauris.Integer@commodoat.co.uk','Ayanna',997109084,'NOV45WAR0HH'),('vel.arcu@tinciduntadipiscingMauris.net','Damon',912191536,'OYI63SUP8CR'),('tincidunt.congue.turpis@Donectempor.net','Rajah',976964559,'SWP74ZQA2QY'),('massa.Suspendisse.eleifend@tempordiamdictum.net','Rebekah',986203084,'GNO21OMR4OT'),('id.risus.quis@ornare.net','Coby',942425471,'WWG24WQW3EX'),('molestie.Sed.id@Inornaresagittis.org','Joy',929634332,'LRA87KEU8MR'),('vitae.erat.vel@sollicitudin.co.uk','Kieran',967182624,'ATF84IMH2AN'),('fringilla.euismod@enimSednulla.net','Angela',990653553,'CZV60HNH3VO'),('venenatis.a@eulacus.net','Dakota',910485947,'EBF17BKH4PO'),('Pellentesque.ultricies.dignissim@aliquam.ca','Isaiah',905458687,'IVU68NQN7UB'),('Donec.sollicitudin.adipiscing@tortor.ca','Lacota',914365806,'HFP48ZLF2RX'),('sapien.Aenean@fringillaeuismod.net','Lev',938302714,'KVI94UDP8SJ'),('mauris.aliquam@Quisque.co.uk','Ashton',938925046,'ATV71LTH5SY'),('tempor@aarcuSed.org','Whitney',949734093,'JPY28WHV8TX'),('vel@mi.org','Christopher',985720112,'GMY09VVV8DY'),('Nullam.lobortis@Inatpede.ca','Palmer',906957666,'LEP25SNZ7HR'),('non.arcu@milacinia.com','Chava',915912919,'PJD55EPV9XF'),('mauris.blandit.mattis@et.com','Wayne',944017585,'IJQ93VJP6NF'),('Aenean.eget@lacuspedesagittis.co.uk','Hedwig',943055498,'NAP23NCB8CR'),('amet@sagittisaugueeu.org','Maxine',940820406,'DRG57RRG3KN'),('aliquet.vel.vulputate@Namporttitor.co.uk','Anjolie',992652905,'EBI57UWC1FM'),('vulputate.eu.odio@fringilla.ca','Tad',906117240,'YKI51AJC8QN'),('eleifend.egestas@metusAliquam.com','Brianna',957873229,'GLX79JYH5VH'),('ultricies@rutrum.ca','Maile',935060801,'LLM63EZB8YI'),('taciti@Suspendisse.co.uk','McKenzie',913348921,'NHM53KUG3CA'),('consectetuer.euismod.est@euplacerat.net','Matthew',931479305,'LWI70NBT9ZR'),('libero.Donec@Phasellusinfelis.com','Raphael',914621121,'XUL54YNM2YK'),('bibendum.fermentum.metus@semvitae.net','Adrian',928718744,'CVN78FHJ3ZP'),('egestas.Aliquam@est.com','Winter',920940996,'DAF39KER5DK'),('orci.lacus.vestibulum@ut.com','Cheyenne',926791489,'LXV77XHT8KQ'),('lacus.vestibulum.lorem@faucibus.net','Sawyer',966796308,'CMA00XGE0BQ'),('In.condimentum.Donec@arcu.edu','Meredith',998982067,'JMM11EQR4HA'),('sed@acurna.co.uk','Knox',971112731,'XDC01TMR5TV'),('tincidunt.nibh.Phasellus@sapien.co.uk','Inez',916244581,'VUG91NQF1HG'),('Curabitur.sed.tortor@QuisquevariusNam.ca','Craig',993044130,'VUB98MAD0ZA'),('sed@Nuncullamcorper.co.uk','Xantha',978673803,'CXQ81SQK6HZ'),('nunc.ac.mattis@estNunc.co.uk','Blaze',906916928,'QJO58IXN7DA'),('vel.pede.blandit@tellus.org','Urielle',941377123,'MOE68YJJ5HE'),('ridiculus.mus@nibh.org','Hyacinth',969837072,'RWD53VXE7EA'),('ridiculus.mus@adipiscing.edu','Erica',974789830,'BTY74VYD0HH'),('magnis.dis.parturient@Pellentesquehabitantmorbi.com','Zahir',918392667,'SAK39FJJ0FD'),('per.inceptos@senectus.com','Chadwick',921583116,'DBQ89CHR9EI'),('auctor.ullamcorper@lectusNullam.net','Callum',906582383,'YEN37MWV4WA'),('Curabitur.ut@Curae.com','Tarik',924744988,'USU40ZUM6OV'),('auctor@Nullamscelerisque.ca','Imogene',962389509,'AYA65VLV8DB'),('netus.et@venenatisamagna.net','Kristen',930081345,'LSH73GEO3HA'),('ultrices@sagittisNullam.ca','Steven',948186785,'DPU19VES6IL'),('rhoncus.Nullam.velit@arcuimperdiet.ca','Hayfa',917304931,'BAN99HOV4KW'),('nostra@atlacusQuisque.org','Todd',981450328,'TLO88POF8AZ'),('nunc@Nunc.com','Dahlia',914685214,'YNI32ECR7KN'),('feugiat@congueelitsed.org','Maisie',921670497,'KCY14LBX0GT'),('nulla@euelit.net','Mufutau',969804120,'JTL68TBS2YZ'),('ultrices@acmetus.edu','Autumn',961182601,'GSF04FLO0LA'),('sit.amet@musDonecdignissim.co.uk','Graiden',902146277,'USQ80MUM5QE'),('magnis@dapibusquamquis.ca','Deborah',900471392,'NZB45ILD2UX'),('neque.venenatis@nonmassa.edu','Nyssa',955235825,'YZQ77FVI0YM'),('sapien.Cras.dolor@urnanec.org','Lael',986709154,'GAN46RFH6VN'),('at.arcu.Vestibulum@necurna.edu','Quin',962694596,'STU74SWF0YN'),('dui.Suspendisse.ac@pellentesque.net','Jarrod',992596756,'GJQ36GVS0HB'),('nisi.a.odio@Morbineque.net','Graham',978707089,'VOJ00JUX8TX'),('nulla.magna@fringilla.ca','Duncan',921037857,'SQB20MFL3UD'),('enim@acrisusMorbi.co.uk','Eaton',941792274,'RNW72LKD5YV'),('pede.Nunc@scelerisquedui.ca','Merrill',973336500,'XCN31ULL6WS'),('dictum.augue.malesuada@faucibusut.ca','Azalia',999454481,'YNN15ZHH1CB'),('at.lacus.Quisque@eteros.net','Ignatius',991439233,'LZT37NXN5CE'),('tempor@aliquet.ca','Tiger',986367234,'GJK98COQ0DP'),('lorem.vehicula@Phasellusdapibusquam.org','Maile',916751931,'ZVR82OSF4PJ'),('Morbi@arcuac.com','Walker',907410051,'OIS96GJA0OY'),('mus.Proin@fermentumarcu.ca','Nathan',901262804,'OBA23MLI8IR'),('feugiat.nec.diam@nequesedsem.com','Gavin',954783407,'AMO03MZT0OI'),('cliente@gmail.com','Gretchen',939616562,'cliente'),('ipsum.cursus.vestibulum@feugiatnonlobortis.co.uk','Caleb',978718343,'WPY60TQX1EK'),('arcu.Vestibulum@telluseuaugue.com','Keelie',934771363,'PXP47GUU9QW'),('Duis.risus@Aeneanegetmagna.ca','Blake',991364385,'FUH08FPX1YN'),('sodales.nisi.magna@pellentesqueSeddictum.ca','Fallon',948452538,'NXD39ACP8HQ'),('Etiam.ligula.tortor@euismodin.co.uk','Zeus',943876447,'QYL73CZO4YS'),('dui.Cum.sociis@aultricies.co.uk','Dacey',921310477,'GVB10RAV0CP'),('lobortis.augue@temporbibendumDonec.com','Tucker',946975735,'WKY72FRH1FV'),('luctus.ut@justonec.edu','Noel',947055646,'WUS80JHV3JS'),('eget@utmolestie.ca','Orlando',984731262,'HYA27JPK9FZ'),('eget.tincidunt.dui@ligulaelitpretium.co.uk','Winter',901450645,'WZH39PGA3MM'),('faucibus.leo.in@nasceturridiculus.ca','Nissim',954885712,'UVQ43MCT2RD'),('mauris@ultricesposuere.com','Rae',936141254,'RMW15IEE7VR'),('nec.mauris@facilisi.net','Angela',953558550,'QXW28LOV1ZI'),('facilisis@inceptoshymenaeos.com','Blaze',919995755,'FOX42LES2QE'),('sodales@quis.ca','Lucy',929765604,'AKK26ONF1BW'),('nec@vitaealiquameros.ca','Zachery',930274799,'VJW32MCR4JZ'),('felis.Nulla.tempor@dictumeu.org','Mia',957611327,'JYN75HZJ9EI'),('egestas@ultriciessemmagna.ca','Rebecca',902626534,'QXG69POD2NF'),('id.enim.Curabitur@aliquetodio.edu','Chiquita',961174413,'GMV02CRS4PI'),('dolor@semNulla.net','Elaine',912663008,'JBB11ZCF4XH'),('a.sollicitudin.orci@sitamet.com','Eleanor',924471974,'OOG09XKF6ZG'),('dictum.mi@orciUtsagittis.co.uk','Clarke',933547266,'NBO99LNW6NB'),('lobortis@justo.ca','Denise',904829390,'ZNW05QUR8BL'),('Praesent.interdum@lectusrutrumurna.co.uk','Kennan',941661456,'NTO66MXP1TT'),('et.commodo@necurnaet.co.uk','Evelyn',986655000,'NBC66TAS7OY'),('Duis.volutpat.nunc@adipiscing.ca','Simone',956106441,'GLK19OEC5FJ'),('luctus.felis@libero.co.uk','Elton',960050293,'GGW05EJM9VU'),('ornare.Fusce@rutrumurnanec.org','Sandra',942349188,'CEQ16ZCZ3FX'),('amet.metus.Aliquam@non.edu','Otto',951294795,'WPW32EGG3EF'),('placerat@Sedet.co.uk','Carolyn',992835143,'DGQ98DLZ1QT'),('rutrum.urna.nec@dictumeu.org','Keefe',932217905,'DJD75DXK9WX'),('consectetuer@commodohendrerit.com','Megan',980279634,'ZXS45OTU0CY'),('mi.Duis@tinciduntDonec.com','Lisandra',923926414,'EBP80VHI4CP'),('sapien.gravida@aliquamadipiscing.ca','Castor',931425458,'KMB04UPN5ZF'),('purus.in.molestie@nonummyultriciesornare.ca','Sophia',983274850,'DVN57IHV2LY'),('sed.pede.nec@adui.net','Faith',925337423,'PYB46FAT9IQ'),('ut.nisi@semper.net','Chava',903649371,'MFY31PZX5NI'),('nonummy@tempor.co.uk','Xander',983079981,'HEJ43OZY2MK'),('feugiat.nec@sit.ca','Forrest',904424773,'WEI20XNJ0MK'),('habitant.morbi.tristique@adipiscinglobortis.net','Neville',990366113,'CUF34APU1EH'),('eu.placerat.eget@sagittissemper.org','Michael',904474154,'JVD86OLO3TQ'),('mollis@Etiam.org','Renee',900009564,'BTY12VUB4PO'),('nascetur.ridiculus@auctorvelitAliquam.edu','Luke',920438140,'DCU16UOZ2XL'),('sociis.natoque.penatibus@hendrerit.net','Wing',931714089,'OIM65OAZ5BV'),('Morbi@Donec.com','Gavin',931547211,'LIT43GKK8VI'),('ipsum.Suspendisse@euismodetcommodo.com','Donna',919643693,'ZBT44MIS8FE'),('dapibus.quam@litora.edu','Cheyenne',990295319,'UZZ29PGZ9BU'),('metus.In.nec@Pellentesque.ca','Dana',955886293,'FJW11HBC2WP'),('iaculis.quis.pede@placeratvelit.net','Teagan',922422613,'EBZ80FXP8NM'),('semper@quis.com','Elliott',978227582,'AJN39MBN2LY'),('sociosqu.ad@Intincidunt.co.uk','Ursa',964353142,'JAU46QYW6HW'),('senectus.et.netus@anteipsumprimis.net','Maya',971065144,'PIC04ASW3EA'),('eros.nec@consequatnec.com','Lara',942550169,'IVH90NTF5CW'),('magna.Praesent@iaculis.org','Kevin',943490558,'XTS41FBB1JS'),('Mauris.vestibulum.neque@liberoduinec.net','Yardley',972637028,'JVQ19KLL9AR'),('eget.ipsum@iaculisaliquetdiam.org','Megan',920782255,'JHJ64CRO3MN'),('quam.a.felis@Donec.ca','Maxine',917075395,'YDF68EXJ0NP'),('parturient.montes.nascetur@tristiqueaceleifend.org','Suki',913196113,'GXS27MFI4WY'),('congue.elit@lobortisrisusIn.com','Shad',907882049,'AGG30QGO0LL'),('odio.Aliquam@auctor.edu','Xanthus',951801963,'AGI32RZI0TT'),('malesuada.fames.ac@Aliquam.net','Lacy',962633250,'SPT98WNT9SQ'),('pede@malesuadafamesac.co.uk','Leila',972820866,'QQX36FHG0HB'),('eget@auctor.edu','Adena',956983165,'ICI43KEY4DL'),('dignissim.lacus.Aliquam@odioauctor.net','Blaine',940475258,'EMP89RJG6NA'),('euismod.urna@mifringilla.org','Peter',936463018,'LCB30OXT9WJ'),('Sed@eratinconsectetuer.org','Alan',923123715,'ZHF23AKC7PP'),('erat.eget@lorem.co.uk','Chadwick',984942188,'PSU55WOB8AQ'),('tempor.lorem@odioa.co.uk','Bruce',995417243,'WES72MIX3BX'),('nunc.sed.libero@Morbisit.net','Kevin',960172578,'RMJ09VAO1PC'),('Suspendisse@consequat.edu','Lev',981693367,'GBS09CLK4SU'),('venenatis.lacus@purusaccumsaninterdum.edu','Christian',900157875,'VTW99SFZ3DU'),('nec.tellus@mattis.net','Desiree',989259294,'IJM53VEU3LC'),('nec.imperdiet@adipiscing.ca','Signe',944660711,'CDY97JVZ2MT'),('id.ante@semper.net','Barrett',955213398,'DGZ26WKT7FE'),('magna@sagittis.org','Calista',993526725,'MQU81DTK1OJ'),('ac.fermentum@pedeCrasvulputate.com','Jonas',999103176,'UBH46OFH7RK'),('accumsan.laoreet.ipsum@convallisdolor.ca','Kato',963529785,'KQV48AQD4SM'),('sapien@orciluctuset.org','Iliana',939144903,'ZSC94VBU9WZ'),('amet.consectetuer@egetmassaSuspendisse.net','Jin',957096205,'INL25AOR5CD'),('mauris.ut.mi@lectusconvallis.org','Rebekah',983138851,'UKV43BRS4UC'),('Morbi.vehicula.Pellentesque@purusinmolestie.org','Dean',940112574,'IDQ18VYZ0ZU'),('bibendum@Utsemperpretium.edu','Abbot',998207261,'ENG77WQR1EH'),('Etiam.ligula.tortor@ornaresagittis.org','Odette',902817533,'WJW91DNA0NP'),('tincidunt.tempus@ornarefacilisiseget.edu','Camille',981055319,'EAR91MSQ3JN'),('Aliquam.vulputate@diamProindolor.net','Beatrice',935267772,'IRE44DYK4AO'),('et@libero.edu','Jane',923954170,'SPT41LIT5ER'),('mauris.sit.amet@nequevenenatislacus.net','Plato',989779418,'THP51YRX6JV'),('Cras.sed.leo@magnisdisparturient.edu','Colette',978173765,'GGP02YQM5LL'),('nisi@commodoipsumSuspendisse.org','Calista',922512059,'IQB72FZA9DE'),('enim@lectusNullamsuscipit.net','Uriah',913290707,'LTR07NPF2PY'),('vehicula.aliquet.libero@tristiquepellentesque.org','Nehru',920209254,'GOV42YCN7HW'),('imperdiet.nec@cursus.org','Honorato',909492246,'ULZ39NYL3FV'),('Quisque@Sedegetlacus.edu','Hilda',971757257,'AVO19DAE1UO'),('nibh.Quisque.nonummy@mollis.ca','Leah',972608710,'TNR74DWV4FU'),('suscipit.est.ac@loremtristique.ca','Miriam',936244888,'WLJ57IWS7II'),('non.dui@lacusEtiambibendum.org','Heidi',995107070,'TXW77GHW6GC'),('consectetuer.adipiscing@velitQuisquevarius.net','Alyssa',908142868,'SFG81CXZ9VD'),('Nunc.ac.sem@nuncrisusvarius.org','Perry',909878019,'XWM86JLY6RR'),('eu@velvulputateeu.net','Levi',940446618,'WIF31JRR7KC'),('nulla.vulputate@lobortisquam.ca','Amos',968485521,'GDN55SPO4LH'),('id@nibhAliquam.net','Theodore',991386408,'SMW46FUL8JN'),('vestibulum.lorem.sit@milacinia.com','Theodore',979457004,'VDN13UDV3HS'),('consequat.nec@ultricies.ca','Wylie',969647887,'IJB78YXA4WZ'),('nisl.Maecenas.malesuada@Etiamvestibulummassa.net','Gwendolyn',943062125,'ZED00JBO7JH'),('elementum.at.egestas@lobortis.net','Maite',967243405,'KDO69PAH2SM'),('mauris@feugiattelluslorem.com','Jessamine',929752473,'BUA44NJC5XO'),('tristique.pellentesque.tellus@accumsanconvallisante.co.uk','Timothy',982740947,'CTH55GOS3PZ'),('Aliquam.nisl@atvelitPellentesque.org','Hyatt',960975065,'NBE40CNJ1IS'),('sociosqu.ad.litora@Morbi.edu','Camden',992110261,'MBJ35NLU3QR'),('orci.quis@dolorelit.edu','Irma',914146064,'SGT73BLK0SC'),('auctor.nunc.nulla@Nunc.co.uk','Rashad',918575897,'BUW25WVB3GX'),('conubia.nostra@sodales.ca','Lee',934410845,'ADU82HAB5YQ'),('est@accumsansed.org','Risa',980497004,'GBN40DUC2XG'),('per@nequeNullam.edu','Timothy',916414563,'NUK84EZP1GV'),('eu.nulla.at@velvulputate.ca','Forrest',943003660,'WCS02XWS4PD'),('tellus.Suspendisse.sed@consectetueripsumnunc.com','Sasha',926719695,'WVJ96YOG5YE'),('Donec.nibh@interdum.net','Kennedy',955431144,'YJA60WDX9XX'),('ipsum@Vivamus.co.uk','Kalia',966043765,'MBY91HMC0RA'),('urna.Vivamus@mifelis.org','Jenna',966493769,'SXE02PBV3XC'),('pellentesque@laoreetposuere.edu','Jena',978108120,'ODM24HJZ8FX'),('lorem.vehicula@maurissapiencursus.com','Daniel',990837544,'ZUL57NQF0KM'),('feugiat@eueleifendnec.co.uk','Tiger',999780293,'REE79PJP8KO'),('arcu@nullaante.co.uk','Charde',934335472,'PBS18DKQ6LS'),('dictum.cursus.Nunc@non.edu','Harriet',908482817,'BUJ69QOG9NN'),('non@in.edu','Maxine',968506575,'DXY39AZQ2IU'),('Proin.non.massa@Phaselluselit.org','Madaline',919922140,'KOW64MTK0BJ'),('elit.Nulla.facilisi@a.org','Naida',976818206,'XLC54WSH9VF'),('ac.eleifend@Suspendisse.net','Leslie',928808036,'UOF44RQL7PN'),('nisi@Curabiturdictum.ca','Quin',949882938,'URR54QAU8RY'),('litora.torquent.per@Curabiturmassa.net','Rae',947725390,'GIX65HWM0BY'),('ullamcorper.nisl@Ut.net','Aladdin',938783475,'ZGJ24POL2RV'),('vel@volutpat.ca','Iris',979205520,'ASZ09JRF4XY'),('mauris@Nullaegetmetus.org','Elaine',908553251,'IOL59IVF4WD'),('tellus.Aenean@sedsapien.org','Reece',912210295,'SPD39BRZ9NI'),('Morbi@risusIn.co.uk','Tatyana',995254022,'RNW09ZHJ5DY'),('Suspendisse.sed.dolor@massa.ca','Kiona',996970187,'KBN55SBM9QR'),('Nulla@magna.edu','Victoria',975517089,'GBF10LLI7PZ'),('facilisis.magna@perconubia.net','Ross',951692371,'RRZ90KIK4UN'),('velit.justo.nec@risusIn.ca','Cade',925760907,'AHY84GIV3BA'),('augue.eu.tellus@Maecenasliberoest.co.uk','Marshall',936541663,'AMI87OGL2LJ'),('eu@dis.org','Harding',928263202,'PJP61CEA4AM'),('non.dapibus.rutrum@estNunc.co.uk','Dominic',977778988,'CFX31HJX4EU'),('diam@estconguea.org','Zeph',959529649,'UIK67ZVT4OA'),('porttitor.vulputate.posuere@diam.co.uk','Alfonso',930119723,'YDH68QRA4XS'),('blandit@mi.net','Jackson',997321874,'VLH60DAA2DA'),('pellentesque@nuncullamcorper.org','Carol',989537544,'BET35YES4BI'),('sed.tortor@ante.net','Rudyard',937658563,'LLI17UZJ1CR'),('Nullam.suscipit@nonbibendum.org','Stone',959284571,'BWX08LFN9XY'),('eleifend@Aenean.net','Austin',957510187,'BHF13BDU5JC'),('cubilia.Curae.Donec@iderat.co.uk','Charde',932733386,'RSR45PNA0VL'),('Quisque@sitametorci.edu','Jessamine',920844956,'LSB79OHB0EK'),('est.vitae@turpis.org','Scarlett',979172589,'GDZ99FHK1FD'),('in.cursus@nascetur.org','Anjolie',949850315,'XTR72BGB6AJ'),('molestie@lacinia.com','Deanna',953194420,'MDR45JOU5ZE'),('at@Fusce.edu','Lunea',984193651,'XFA61STQ3YR'),('Vivamus.nisi@faucibus.org','Helen',996857507,'MVQ04ZKC5XD'),('vitae.dolor.Donec@feugiat.net','Hayden',929795639,'RDW12MZR2GD'),('et@magna.com','Anjolie',960164066,'FSD41HGN4KU'),('vel.arcu@Integer.ca','Clayton',984207976,'NQJ97TLE2RV'),('vel.faucibus@lobortisquam.net','Simon',973051753,'XXE16PRZ7WU'),('tempor.diam.dictum@disparturient.co.uk','Bianca',986474898,'NCE83AKQ2YE'),('lorem.ipsum@molestie.co.uk','Samantha',955944195,'KOE64JVX9MK'),('mattis.ornare@mattisCras.com','Adele',923824551,'RWU53CJV4BN'),('malesuada.vel@Nunclaoreet.net','Fletcher',994477549,'ZWM81YVU1PG'),('tincidunt@arcuVestibulumut.ca','Matthew',961689305,'DAU63VSP2QX'),('euismod.enim.Etiam@Phasellus.co.uk','Patricia',935151408,'JEF81RDR5YH'),('et.netus@auctorMaurisvel.co.uk','Rebekah',995265213,'BVH98HWS0IC'),('ac@fermentumrisus.net','Cecilia',962697202,'BJP81SNP7NA'),('eu@nec.ca','Courtney',991121764,'YPE62RGV6II'),('ac.fermentum@et.co.uk','Vance',991494619,'DKB39YYE1FO'),('Suspendisse.eleifend.Cras@quis.com','Sara',918375195,'WUH73BIO9HL'),('velit.dui.semper@Curabiturconsequatlectus.net','Abraham',949893414,'LVI40ISZ6QX'),('eget@miAliquamgravida.org','Sean',920062764,'EQF65DFD8OQ'),('accumsan@ultriciesornareelit.com','Kasper',911053883,'HJJ49JUA4JX'),('ante@Inscelerisquescelerisque.com','Carlos',927777515,'LSP25KTQ8CI'),('nascetur@estmauris.org','Leilani',939718863,'QFW07GKK4KO'),('eget@tellusPhaselluselit.edu','Emma',999321257,'GYL25CXA6VF'),('orci@odio.net','Tobias',968334356,'MMB82FLB1QB'),('erat@aliquet.ca','Martha',983034852,'MIU15JCO7EI'),('erat.neque.non@condimentumegetvolutpat.com','Jasmine',922987643,'JIW23VBR8HM'),('convallis.erat.eget@Sedpharetra.org','Emma',933079131,'HQD77BBB3YD'),('Mauris.non.dui@Suspendisse.edu','Oliver',986243020,'ZUB75HOM4BH'),('at.pretium@facilisiSedneque.com','Ariel',986005912,'VXK63UVQ5EF'),('fringilla.cursus@lectusante.com','Samson',964532698,'CPD83FRO0CF'),('netus.et@maurisrhoncusid.ca','Jasper',998322093,'ODW11MXO4LD'),('lacus@felisNulla.edu','Caleb',993704655,'KUM40LEY8KG'),('suscipit.nonummy.Fusce@a.edu','Cooper',935612540,'WUO58LGQ8IN'),('fringilla@atortor.ca','Odysseus',993064967,'DAL79UZR2JN'),('nonummy@mattisvelitjusto.ca','Brianna',905724296,'SJR26CCA2KG'),('vulputate.ullamcorper.magna@adipiscinglobortis.net','Brendan',920934141,'FGF48TUI2XN'),('eu@non.org','Fulton',998311646,'JNS48MGW5CQ'),('blandit.enim.consequat@nonegestas.org','Rinah',912937474,'YAF80WCF0YL'),('hendrerit.neque.In@Quisque.edu','Christen',908210883,'DPL29TYM3QL'),('libero.nec@anteMaecenas.edu','Olympia',923366996,'ZUZ62UBH8QW'),('sodales@dolordolortempus.co.uk','Aretha',901397445,'KVL27BXT7EZ'),('enim.Suspendisse@dis.co.uk','Joseph',902250130,'NPT91UZO1ST'),('nunc@ornareInfaucibus.ca','Audra',914514548,'FLW23UYQ1PG'),('In.faucibus@risusquisdiam.com','Calista',992112643,'LOM62FNQ5IC'),('vestibulum.neque@ategestasa.co.uk','Coby',910352710,'MXF03MOZ4BM'),('ullamcorper.viverra@vitaediam.org','Todd',995967289,'RAQ53JRM8ED'),('vitae@pretiumaliquet.com','Emerald',987035340,'COE93GZU3AT'),('sed.hendrerit.a@sapiengravida.net','Bert',930607942,'BOD24AWQ7FO'),('molestie.orci@dui.edu','Dominique',999363873,'GTD84ABN3OU'),('cursus@duilectus.com','Dexter',905526894,'DUZ69KAI5QA'),('adipiscing.enim.mi@rutrummagna.com','Colby',945913980,'IIJ88ODJ7YQ'),('justo@Aliquamnisl.ca','Jocelyn',908701915,'FRA84DXH5MX'),('et.magnis.dis@musProinvel.net','Dominic',980010983,'ZDO46KFY9LO'),('gravida.mauris@et.org','Lee',984193191,'ZFT96VEA1LC'),('iaculis.nec@montesnascetur.net','Tucker',950911224,'DFC03TVI2DE'),('convallis.dolor.Quisque@nonluctussit.net','Jescie',973107250,'ELQ29CVW0IA'),('justo@semmollis.edu','Armand',944308708,'SXV35ZFX9KO'),('vestibulum@neque.ca','Ariana',900613953,'QHG13JLS9MW'),('eu.odio.tristique@enimgravida.ca','Jasper',996038721,'YEW80MZW4IT'),('accumsan@et.co.uk','Amelia',978904019,'CFG35NYU2YO'),('Maecenas@quamquisdiam.net','Nasim',948625326,'YUQ25FHS2YD'),('penatibus.et.magnis@Etiamgravida.org','Josiah',986913614,'OPH78PGW3TF'),('Cras.eu.tellus@eunequepellentesque.ca','Gil',938329093,'NUO31TXZ1SR'),('gravida.non.sollicitudin@tinciduntnibhPhasellus.org','Norman',948199385,'DDJ16JQP1VA'),('ipsum.primis@mollis.ca','Tatyana',960128023,'FWZ69AGV3CF'),('vel@feugiattelluslorem.org','Lee',949991210,'SUV50SSK9LO'),('posuere@acmattis.co.uk','Elijah',947322501,'JOO12SJS6GP'),('at.risus.Nunc@dolordapibus.edu','Raphael',918059616,'XUI58EHP2EC'),('lorem@risus.ca','Veda',997201676,'ARE15ZSU6OW'),('ac@lobortis.ca','Boris',964134573,'JDG77OUN1PY'),('Maecenas.malesuada.fringilla@incursuset.com','Jasper',918224544,'MRQ97AQN6HE'),('nunc.risus.varius@orciUt.ca','Shad',975418727,'KRK29WFD9MS'),('ipsum.sodales.purus@Donec.ca','Leilani',961399244,'ZDW73EZP3TE'),('vel.arcu.Curabitur@lectus.edu','Suki',920863427,'GHJ92BKQ6PF'),('tellus.Phasellus.elit@perinceptoshymenaeos.com','Xanthus',994003913,'XHO34SBF5KD'),('at.arcu@Cumsociisnatoque.ca','Yvonne',972947625,'VIV35HYU3XF'),('iaculis.enim.sit@adipiscingenim.net','Allen',992841753,'ATU21JUJ0VP'),('lobortis@Donecnon.com','Ella',903373168,'XDO21PUU1NY'),('nonummy.Fusce.fermentum@semper.org','Dahlia',913164725,'LLZ29ILD0FI'),('Integer.in@lobortis.org','Laurel',968381834,'XAU13VFR8QM'),('posuere@Maurisnon.co.uk','Gage',970220951,'TGP48JHE5GG'),('eros.turpis@justoeu.ca','Zeus',962232769,'MNJ97UFH8CD'),('enim.Suspendisse@nonlacinia.org','Brody',977921253,'DQH36SZP3VK'),('Aenean@dignissimpharetraNam.net','Amelia',964188875,'IKJ80ZMA1XN'),('ultrices@nectempusmauris.org','Jasmine',956198420,'USQ05IED1GD'),('eget.laoreet.posuere@consectetuercursus.org','Davis',975891344,'JYQ14UVQ7UA'),('Donec@Etiam.edu','Imogene',962098643,'PNX26SZH0PR'),('condimentum.Donec@Sedmalesuada.ca','Jonas',978614508,'VNG42LXQ3PC'),('ornare@ornarefacilisis.edu','Buffy',967231177,'BDM47MCP4OD'),('a@euismodet.net','Violet',970879808,'RJG98HDV1HH'),('placerat.augue@etrutrum.com','Lewis',926732536,'QLP50FEB5LL'),('molestie@justosit.net','Buffy',970834384,'BUH33QIQ1IU'),('nibh.enim.gravida@et.net','Ignacia',956311703,'CJL07KSV4RQ'),('taciti@commodo.edu','Zelda',927940291,'DDY26SVD2OR'),('nulla.magna@erat.net','Dale',975693088,'TJR64KOC3IS'),('elit.erat.vitae@fringillapurusmauris.ca','Zahir',976100522,'WFF15LZC1JF'),('rhoncus.id.mollis@loremsemperauctor.co.uk','Carson',945980341,'CLT53FIG9UQ'),('nunc@tortorat.com','Fletcher',942618942,'ALZ07UQN1MN'),('mus@Integermollis.org','Paloma',917838839,'PLU75EQD0MP'),('tempus@Maecenas.net','Cooper',946086117,'EAV02SQE4GE'),('tortor.Integer@arcu.net','Andrew',922553272,'RET72YWS9VS'),('at@risusNunc.edu','Dolan',958658379,'MVJ44IZC1AC'),('semper@enimgravida.edu','Aimee',908018333,'ECB08GTJ5XC'),('auctor@fringilla.ca','Maite',954873193,'KHC74ZTI5RQ'),('porta@egetmollislectus.co.uk','Wallace',925109166,'HVO24VRO9NQ'),('ipsum.ac.mi@Maurisblanditenim.net','Donovan',984548483,'UFW61AMK2OE'),('non@imperdietnonvestibulum.ca','Clio',990259099,'ZOL28VLW5NG'),('Quisque.nonummy.ipsum@ametrisusDonec.org','Dora',995462862,'HRQ44HDI7NE'),('est.arcu.ac@venenatis.org','Grant',962296159,'RND57VLM4HU'),('cursus.in@ultrices.ca','Elvis',959400018,'HLI04EOB0FH'),('sodales@enimMaurisquis.org','Irene',920704106,'PBO44EGT8HP'),('enim.commodo.hendrerit@placeratvelitQuisque.ca','Justin',932865895,'NGX40MJC5KF'),('tempus@elitCurabitursed.edu','Camden',972671674,'NYW40DCK5WQ'),('ultrices@ullamcorperDuis.org','Orson',929555521,'HGU66DFM4EL'),('Mauris.quis.turpis@maurisipsumporta.co.uk','Callie',937464060,'XIF55UDH9BC'),('et.rutrum.non@etcommodo.com','James',989277741,'QKG49HCM3HS'),('blandit@vulputate.ca','Mercedes',982849029,'TXZ05LQF3PO'),('nulla@nibh.co.uk','Wilma',989331658,'CXK13HHE8XK'),('sit@purus.org','Alexis',955320937,'EOG67AXK6YQ'),('quis.urna@Nullatemporaugue.co.uk','Beverly',929878656,'HGF92IOO1TA'),('malesuada@orci.edu','Rae',908684543,'RIV89EDO4CI'),('convallis.ante.lectus@non.co.uk','Erich',971686116,'AMI05PYT9WP'),('nascetur@Naminterdum.ca','Caesar',964530165,'BHA92AZQ7ME'),('varius@turpis.org','Garrett',947611177,'SNM94IGB1TS'),('inceptos.hymenaeos@sociis.ca','Quentin',949314615,'CFE06AER6GL'),('feugiat.metus.sit@Vivamus.net','Maia',910359543,'DQD28DFC1FZ'),('Integer@Donec.net','Curran',940148577,'XCS14TOK5ZV'),('Suspendisse.sed.dolor@tellus.edu','Kirby',987567927,'BQE77FZX0BG'),('blandit@odiosemper.co.uk','Hedley',951495469,'BPF77FBE2XM'),('lobortis.quam@natoque.edu','Timothy',985063074,'PBI74DPK3CM'),('cursus.vestibulum.Mauris@Loremipsum.ca','Harper',911701648,'QET36RJE1JD'),('ante.dictum@Quisquetincidunt.org','Len',967505811,'LDN53CUK9UM'),('dapibus.gravida.Aliquam@tortorInteger.co.uk','Dominique',994881069,'HPQ98POL0LW'),('quis@blanditviverra.net','Hall',984010979,'HMJ54WQZ4UB'),('arcu.Vestibulum@Sedeueros.org','Carl',930553611,'KHU93YFM3BR'),('Duis@musProin.ca','Ebony',988906536,'MLO48QBV9CG'),('blandit@nascetur.co.uk','Germaine',931332506,'IQW08AXC9PH'),('id@ridiculusmusDonec.edu','Danielle',947682647,'OBY09CAZ2KK'),('feugiat@imperdietnonvestibulum.net','Ishmael',971363655,'WOK23KAJ6MY'),('adipiscing@mattis.net','Brenna',935839541,'NNI53MGJ6IV'),('dictum.Proin.eget@liberoProin.co.uk','Leo',969152106,'CFD92DUD5MA'),('dictum@tristiquesenectuset.org','Casey',973817711,'WGF52PNA8YF'),('ut.cursus.luctus@nisi.org','Bernard',939471857,'PJB99YVW7YS'),('neque.vitae@Nullam.com','Leonard',990538053,'NLB14QLJ3RM'),('ultrices.mauris.ipsum@magnaSedeu.com','Martina',938042330,'UPZ16CUH1PN'),('nisi.Cum@ipsumsodalespurus.edu','Alexa',989555597,'EJS09JXS9XT'),('in@sapienCras.co.uk','Nerea',927726584,'TCI62QFZ5DY'),('Donec@loremut.com','Orli',909259913,'VJL73EQU2UX'),('semper.cursus.Integer@eratEtiam.edu','Clark',986140668,'LLK91DOG0PL'),('Suspendisse@atpretiumaliquet.ca','Aline',985699040,'MBY78DNN4QF'),('consectetuer@ligula.ca','Dustin',907125432,'GIN85VHZ9UR'),('enim@luctusCurabitur.net','Berk',985767266,'DAY01IZQ2HM'),('ut.nisi.a@metus.ca','Leroy',942919233,'HWU73QKQ8CH'),('mauris.rhoncus@magnaa.edu','Brooke',995763380,'CXR17CAM1HI'),('consequat.purus.Maecenas@velit.com','Keane',974608309,'LGM53NPS7IJ'),('pede@cursusaenim.net','Vielka',977084118,'BYU36HNM9EI'),('auctor.velit.eget@Duis.org','Quinn',988581115,'RKP29LAK3KM'),('dui@aliquamenim.co.uk','Mark',987931933,'BYB87WZY4TN'),('senectus@ornare.com','Zeph',961382469,'HOY26ROA7OA');
INSERT INTO Pizaria.Utilizador (email,nome,contato,pass) VALUES ('vitae.diam@senectusetnetus.com','Wyatt',985205383,'VSS36ELR7DU'),('a.ultricies@Cum.edu','Karina',989474401,'NNN56LNW6BP'),('Duis.mi.enim@magna.edu','Joshua',946210827,'DRL26ANV7ZG'),('ultricies.sem.magna@bibendum.ca','Phelan',985806834,'AXK35SGE8AT'),('ac.sem@Proinsed.org','Kathleen',912995185,'WUH14XIU3BE'),('ullamcorper.viverra.Maecenas@temporaugueac.net','Zephania',932967476,'WKT29AJU2JE'),('nibh@vulputate.co.uk','Reuben',968002562,'PRZ03PGI8SA'),('ligula.Aenean.gravida@metus.ca','Owen',916757236,'UDC34EWW8FH'),('pede@luctusCurabituregestas.co.uk','Christen',921857834,'DCY47HDD5SL'),('Nulla.facilisi@eu.org','Chadwick',966488369,'GYF45DTO2YF'),('sollicitudin.commodo@orci.co.uk','Alexandra',980751740,'JJG30UIJ6VX'),('dolor@lobortisultrices.com','Xena',930522710,'IJM91FAZ9IF'),('a.nunc.In@Aliquam.edu','Andrew',971599196,'FJN98SMG7CP'),('ornare@non.co.uk','Beatrice',916874417,'EKB74HZV0AJ'),('Etiam@quis.org','Stacy',971738379,'UII77FQS1YT'),('Mauris.non.dui@vel.net','William',964180907,'GHB66YMO8ZZ'),('Ut.tincidunt@lobortisquis.ca','Baker',955286242,'VBP54KZC3RC'),('ipsum@feugiat.org','Hedley',944336881,'YEA42JEX1MH'),('placerat.velit.Quisque@Integerid.co.uk','Yasir',913741570,'YEK78JWK3SU'),('tellus.imperdiet@odioPhasellus.co.uk','Celeste',976546140,'VEB53UKY8UW'),('nisi@Namporttitorscelerisque.org','Ann',905393090,'YWS44REB7VB'),('urna@infelis.net','Holmes',908017201,'AFH68YEN4EZ'),('Quisque.ornare@Namconsequatdolor.org','Samson',992924553,'MLC16PWG2PP'),('malesuada.augue.ut@parturientmontesnascetur.co.uk','Kellie',979066786,'SQY50BOM3MM'),('orci@elitpharetra.edu','Abra',962915089,'ECD92FHS4RB'),('pede.blandit.congue@scelerisque.org','Duncan',980857003,'IEF28VQN2CF'),('Suspendisse.tristique@dapibus.ca','Kessie',936238120,'JTX70FRI6GU'),('id.enim@id.com','Portia',936125057,'SZP45PNU2GH'),('vel.sapien.imperdiet@tinciduntDonec.com','Garrett',995413271,'QFP32MOR2LE'),('sit.amet.faucibus@ornarelectus.com','Bruce',907036564,'YUU61CEN0KC'),('eget.venenatis.a@arcuAliquamultrices.com','Dale',945484344,'HJY64YEN0TB'),('imperdiet.erat.nonummy@cursus.co.uk','Theodore',914691252,'MUW68VHU1MA'),('sodales.elit@dolorQuisquetincidunt.com','Duncan',921011294,'ZAF87KMF1YW'),('Proin.vel.arcu@dictumultricies.org','Adara',913342549,'EGK85ZFN8KI'),('a.ultricies.adipiscing@vitaepurusgravida.co.uk','Vance',924531492,'AJZ70YRB9KE'),('risus.Morbi.metus@dictumcursus.net','Vanna',977750503,'PHR44AWD6ZB'),('id.libero@diameudolor.co.uk','Leslie',978853262,'HUJ19DJU0CN'),('elit.pharetra.ut@aaliquet.net','Hayfa',915185484,'IEG19SJU3HF'),('et.pede@liberolacusvarius.net','Martena',948489810,'GZA80KKZ6RO'),('ante.Maecenas@In.org','Vaughan',969727791,'LNL78JOP8FY'),('pede@metusVivamus.com','Kerry',930189247,'VLD05KNC9LO'),('tortor.dictum.eu@amet.co.uk','Leandra',956167982,'RFC59WPD4VC'),('sollicitudin.a@Nunc.org','Sebastian',969842337,'NJC82WXB8MA'),('Quisque@eutellusPhasellus.org','Christian',947937628,'SGT34JGU6OM'),('facilisis.magna.tellus@Seddictum.org','Odessa',945600770,'YEJ77NVS9OJ'),('in.tempus.eu@ornare.ca','Ila',949172533,'CEQ90JEB1NM'),('Ut.semper@euplacerat.org','Justine',934138481,'WVM75JHG8JI'),('elit.sed@sagittisDuisgravida.ca','Fuller',973651474,'TRB43XTT1GK'),('blandit.Nam@odio.com','Fiona',906084381,'STW42TKB4BO'),('magna@liberoettristique.net','Nita',968280211,'UAK34GYR6TK'),('per.inceptos@purusac.ca','Olga',940339871,'AON34CNT0XI'),('tellus@fringillaeuismod.co.uk','Mikayla',940011912,'AJW65MAZ4RB'),('nulla.Integer.urna@ligulaAenean.net','Signe',983809080,'JUO60IXH5ZL'),('eget.tincidunt@etmagnis.edu','Dale',949931442,'DUS80JMP3XW'),('mauris@magnamalesuada.com','Caldwell',919734646,'TAK49LAF0LY'),('scelerisque@liberoProinsed.org','Ulric',984728364,'EGS45RMO4CW'),('auctor.odio@mollislectus.edu','Germane',956009740,'CVI95NVU2DR'),('accumsan.neque.et@ullamcorper.org','Lawrence',945887381,'HKH46QFK3EA'),('neque.pellentesque.massa@tempordiamdictum.ca','Warren',907839132,'RVG22VWB3AY'),('euismod.et@magnaSedeu.co.uk','Leonard',969767383,'IEH36CIH9ZJ'),('in.lobortis.tellus@dictumeu.net','Brendan',933477648,'GLD48YEP5ML'),('mi.Duis.risus@rhoncus.org','Risa',936482868,'OYH87ZLX5PO'),('consectetuer.adipiscing.elit@sitametornare.net','Dominic',995888301,'ODC86OYJ6OF'),('cursus.Integer@egetmetuseu.co.uk','Victor',911506353,'PQV97YTM5GV'),('in.consectetuer.ipsum@justositamet.org','Brynn',922357531,'SZX23KUE1LW'),('sed.leo.Cras@Aeneaneget.co.uk','Ashton',998328699,'BBT96XAU9VS'),('feugiat@tinciduntadipiscing.org','Rose',951587684,'CWY07RON1DF'),('Fusce.dolor@atpedeCras.ca','Mari',999355989,'DSB69SCT5NQ'),('Nunc@est.edu','Whoopi',937666517,'XJU51LMY5DN'),('ipsum@Quisqueimperdiet.org','Quyn',984765912,'SVU42USU6QU'),('dolor.Quisque@bibendumullamcorper.org','Aretha',987318161,'OVF61ZBR1TJ'),('mollis.nec@sollicitudinorci.com','Cora',902152249,'TIH96LBS4UD'),('dui@magnaCrasconvallis.net','Yoshi',915729631,'XLY46FGW9GC'),('amet@augueid.ca','Tanner',977550593,'UWW75GGP7MJ'),('adipiscing.non.luctus@hendreritDonec.ca','Mark',985963047,'OIU87GMA5HO'),('Integer.mollis.Integer@enimEtiam.co.uk','Nelle',974260932,'WJD68XIB8BK'),('Mauris@ipsumprimis.ca','Kennan',916077880,'QHL18OIL5UO'),('libero.nec.ligula@nibh.edu','Bruno',954257985,'AYZ84GAR4WM'),('vehicula@nullaIntegerurna.co.uk','Morgan',975359087,'SYR48PIK1RR'),('elit.fermentum@vitaenibhDonec.co.uk','Hilary',925799427,'TDJ54JRT7TW'),('posuere@velitdui.co.uk','Tiger',906694308,'PSH35OUG2HA'),('dictum.Phasellus@Vivamuseuismod.org','Lane',915628138,'EQZ31OQT2VA'),('nisl.Maecenas.malesuada@aliquetvelvulputate.edu','Odessa',938106107,'DPT60GFF6DP'),('nascetur@perinceptos.ca','Ashton',913367254,'CRM67XOI8AL'),('sed.pede.nec@sem.co.uk','Olivia',929078972,'BJY37MCT9FF'),('quis@Maecenasmalesuada.ca','Reese',935098075,'VIP45WMT5RD'),('et.eros.Proin@tellusnonmagna.com','Dale',928040804,'AGA85HCT5CH'),('tristique.senectus.et@urnaconvalliserat.ca','April',926021670,'KOK89JSG2RQ'),('hendrerit@sodales.co.uk','Adara',960515697,'XPG99KMN4BK'),('sapien.gravida.non@aliquetmetus.org','Noel',986925025,'OLO97LJF7FH'),('cursus@porttitor.co.uk','Yasir',963967704,'HTN14XVJ4PH'),('sollicitudin.orci@augue.edu','Rogan',952182952,'YKZ46GHQ8UM'),('enim.Curabitur.massa@nonquam.org','Abel',919098464,'HKB25ZBH4JP'),('consequat.dolor.vitae@dui.co.uk','Marny',979611486,'SGG86GDC2OC'),('metus.Aenean.sed@Vivamus.org','Tara',954984896,'LRL30UJU8VT'),('Fusce.mollis.Duis@Vivamusmolestie.com','Lionel',941938493,'NID04BPW4HQ'),('sagittis.lobortis.mauris@ligula.co.uk','Aphrodite',929640005,'GIY61MKD4HZ'),('diam.dictum.sapien@Nullamscelerisque.net','Stone',939706131,'OHO32BKB6YJ'),('risus@metusIn.edu','Ori',916873961,'JAD70MUF8LV'),('fermentum.metus.Aenean@lectusjustoeu.ca','Blaze',952793661,'QDI74HAG9XN'),('felis.adipiscing.fringilla@Uttinciduntorci.org','Wesley',954978688,'MMN80RKG4FF'),('congue.a@blanditat.co.uk','Reagan',999878840,'SOB99KWR0DB'),('egestas.Sed.pharetra@in.edu','Xandra',973277078,'HOY42EHE2HE'),('non@semsempererat.org','Lane',977888418,'OTE07ZIO7ZO'),('tincidunt.tempus@arcuvel.org','Holly',972383282,'ETT31QAZ4IV'),('velit@nectempus.net','Vincent',947341956,'CGF76AUV1VV'),('nisi.sem@Aliquam.net','Troy',963239098,'ZES78EQA4FV'),('magna.Ut.tincidunt@arcuVestibulum.co.uk','Fredericka',952892309,'LNJ79XOC9PA'),('risus.Quisque.libero@sitametdiam.net','Sydney',945965543,'CRI91AUW1UG'),('tellus@arcu.ca','Shaeleigh',925155313,'NQU96UVJ5RO'),('vitae@Aliquam.net','Jerome',983236896,'MKY19DQK8EI'),('Proin.dolor.Nulla@ac.net','Tara',937844525,'QCB75JFF1UO'),('libero.at@atnisi.net','Hyatt',911633329,'LLK86KUF1QJ'),('dolor.quam.elementum@Phasellusdapibus.ca','Irene',949843245,'KSC00EHJ6XS'),('sem@est.com','Cassandra',981850165,'VLW54MVU0EI'),('egestas.ligula.Nullam@Donec.co.uk','Brianna',908030950,'USY47SJD3US'),('vitae.orci@faucibusMorbivehicula.co.uk','Rajah',983276908,'AIT45JKP7QM'),('consectetuer@justoProin.org','Drake',920870872,'MUO99YUE8GO'),('lacinia.at.iaculis@nequeseddictum.ca','Raymond',928833771,'RRC10ASO5UM'),('egestas.hendrerit.neque@semper.co.uk','Yen',968448410,'LEN69QZN3SP'),('lobortis.quam.a@adipiscing.org','Xena',975317772,'HLZ96IRP9DE'),('dictum@velitjustonec.co.uk','Melanie',914974588,'TCF12PMS1TY'),('penatibus@feugiat.org','Jackson',958564386,'HGN38VDN8UL'),('vitae.purus.gravida@Maurisblanditenim.ca','Chaim',934782934,'GDV52FOL6ON'),('vulputate@Donecconsectetuermauris.co.uk','Julian',902953098,'IEQ02CSY7VN'),('amet.ante@sem.co.uk','Octavia',943048914,'GEC16IOH3FD'),('In.scelerisque.scelerisque@sitametconsectetuer.org','Hector',989948974,'WLL82ROY2RT'),('Donec.egestas@nec.com','Xanthus',983406613,'EET39EWW3QI'),('Mauris.vel.turpis@augue.com','Jocelyn',921168091,'ZLW20PBT3HR'),('per@elementumsemvitae.co.uk','Mari',957885493,'JOL68NEW7JG'),('ridiculus.mus@velsapienimperdiet.ca','Reuben',945214375,'TJH53XTE7LA'),('nunc@ipsumleoelementum.ca','Russell',989019847,'JSD45TUX1FL'),('In.mi@tempusmauriserat.co.uk','Amos',931983510,'AQX52YRK1MJ'),('ligula.Nullam.enim@Nunc.co.uk','Aquila',960786680,'ASF38GCX5BA'),('dui@loremeget.co.uk','Tana',999233074,'NXG98ZAU5WF'),('faucibus.lectus.a@ipsumprimis.co.uk','Savannah',908684452,'HGL70UTN9UC'),('amet.risus.Donec@ultriciesdignissimlacus.edu','Neil',952422421,'JGU60XAK9UK'),('ipsum.nunc.id@CurabiturdictumPhasellus.net','Elton',961041642,'XWE66LYY3RE'),('Fusce@commodohendreritDonec.co.uk','Barry',938394331,'UMC96AAT0AI'),('malesuada.vel.convallis@enimconsequat.org','Uriah',912631918,'XWZ67PYU0MS'),('ultrices@Pellentesquehabitant.com','Jeremy',990902814,'ZDN11WRS3JQ'),('vel.nisl@turpisnon.org','Seth',936345226,'XNP93WBY8KM'),('sed@idnuncinterdum.net','Felix',944510918,'MHU41WFM2TE'),('cubilia@porttitor.org','Veronica',959244140,'WZE64WBZ4OA'),('lorem.ipsum@libero.org','Dai',948173348,'HMG51ORA2VS'),('lorem.eu.metus@malesuadaIntegerid.edu','Colorado',913529384,'WYF22MPB3VX'),('libero.mauris.aliquam@hendrerita.net','Stephanie',987676988,'JRG84AVF5EL'),('commodo@ac.net','Leroy',980174243,'OYT99ZYZ6TO'),('Cum.sociis.natoque@etlibero.co.uk','Cameron',963822962,'BVN27SLV4BE'),('Aenean@orcilobortisaugue.com','Drake',972645097,'YUJ80MPB4GT'),('fermentum.vel@nisiCum.edu','Mercedes',923648211,'PJQ08HVK4SJ'),('vel@Cum.com','Keelie',982844004,'XGG32GCR8NY'),('Ut.tincidunt.orci@nuncullamcorpereu.com','Tyler',960424965,'ZUT58USZ4BC'),('felis@vulputatenisi.ca','Yardley',922995766,'CBE97LOT1NT'),('ut.ipsum.ac@famesacturpis.ca','Joseph',969227908,'LCK47FGN4DX'),('mus.Aenean@Cras.ca','Quin',944115504,'UJY39GZD0TD'),('Duis@magna.co.uk','Sonya',917878598,'LOY25RXC5FF'),('elit.dictum@hymenaeos.ca','Samuel',907863813,'TTL49GIT1AF'),('egestas.Fusce@adlitora.net','Devin',936343673,'WBG35QTI4AK'),('Vivamus@vitaesemperegestas.net','Aimee',991756954,'KWK86JZA7OE'),('lacinia.Sed@Nam.co.uk','Ria',939025536,'BHZ26HCC6MK'),('dictum@mollisnoncursus.co.uk','Shelby',981081546,'RYL41TNH2LU'),('sapien@euduiCum.com','Tatum',949938926,'QTO83SPO3QI'),('Quisque.porttitor@egestashendreritneque.org','Hoyt',956766914,'LPK87FZK2FC'),('Nulla.eu.neque@Loremipsum.org','Mufutau',942123734,'NKR31VKF6MF'),('odio.Aliquam.vulputate@duiSuspendisse.net','Sean',989608174,'FCG83JYS6BL'),('a@commodo.com','Inez',917413264,'ITC17BLB0XQ'),('vitae.velit@turpisnecmauris.net','Lillian',920255431,'APE16GNJ4SK'),('nec@egetmetus.com','Cara',906153830,'BSP29HJY9IG'),('nec.tellus@condimentumDonecat.co.uk','Theodore',909747765,'CGT46AYN3PI'),('dictum.ultricies.ligula@atlibero.ca','Bradley',936775216,'GUO22VFC1CV'),('Aliquam@velesttempor.com','Solomon',988390270,'CHH28DZN5UM'),('enim@eratvitaerisus.ca','Basia',943739364,'YZQ98WTW1CM'),('neque.sed@neceuismod.net','Bruno',999322593,'XWA24ZNJ2NR'),('massa.rutrum.magna@nonarcu.org','Dominic',976261948,'UGA14WUT5WA'),('pede.ultrices.a@molestiesodalesMauris.co.uk','Portia',900842430,'XAY94SHA7ON'),('vulputate.nisi.sem@lectusCum.edu','Aladdin',998357069,'KLZ62ZMC9DK'),('arcu@tempusrisus.co.uk','Asher',970663549,'GRO79FHN3ZB'),('Fusce.mi.lorem@sit.ca','Blake',947206368,'PEI42KPC5QL'),('dictum@egetnisidictum.co.uk','Anjolie',903027053,'OEE92YQA1MW'),('lectus.ante@tristiquesenectus.edu','Ronan',949095022,'GUB89AEJ2PI'),('risus.odio.auctor@ultrices.co.uk','Emery',984854207,'XSM87TYX9UN'),('cursus.et@eleifendegestas.co.uk','Hanna',937650839,'RJK79IUK9TQ'),('libero@congueturpisIn.ca','Joel',993103102,'GNZ00VLP6GX'),('amet.risus@nibhPhasellus.edu','Castor',935127173,'XMF94QLA2WC'),('et.euismod.et@Donecest.org','Elvis',931339824,'FPY99CBS7ZB'),('imperdiet.ornare@velmaurisInteger.ca','Colin',908347556,'CLM38RGC4RX'),('est.congue@Integer.co.uk','Jesse',987187722,'YKH80FZW7NG'),('lorem.fringilla@sagittis.ca','Ann',910062305,'XZJ91BSQ5BW'),('risus@venenatislacus.co.uk','Vaughan',948891621,'RBL95YKH1IP'),('litora@lacuspedesagittis.com','Clare',959484937,'IHT07JTV5IE'),('pede.nec@loremeu.org','Philip',973238657,'QPD72WJP6WX'),('imperdiet.erat@interdum.co.uk','Kaseem',935193712,'QQH65FXK7HH'),('Suspendisse.commodo.tincidunt@mollis.net','George',959296543,'ABH32DMI3KQ'),('consequat@pedeacurna.com','Dennis',935169255,'GGB44MMU8LW'),('tempor.est@purus.org','Stephanie',940869697,'GQY88ERF7IH'),('non@metusvitaevelit.com','Raja',924171886,'MZP99IMV0QM'),('nisi.Cum.sociis@tristique.net','Madeline',925131921,'OBO78CWP4PL'),('malesuada.Integer.id@magna.co.uk','Hall',903865426,'YST84SFU6WT'),('Aliquam@magnaPraesent.co.uk','Ingrid',990673383,'IHR71VEX0IO'),('semper.dui.lectus@blanditcongueIn.org','Medge',931545797,'TTE33VKC6TC'),('urna.justo@pharetraNam.co.uk','Oliver',939422954,'LPD83NKL2XT'),('ante.bibendum.ullamcorper@dictumauguemalesuada.co.uk','Davis',985067296,'AAZ77FUK5EC'),('cubilia.Curae@ipsumdolor.edu','Tashya',981601169,'YIG19FHQ3MR'),('eget.ipsum@dolor.edu','Angela',933840399,'SFK34KUC1WN'),('turpis@aliquet.ca','Ayanna',907806299,'DAG28TXG1NH'),('Aliquam@nibhsit.com','Akeem',915843559,'MZO21BVN0KH'),('interdum@lacuspedesagittis.edu','Daryl',998435284,'MDY05VGF9LS'),('nonummy.Fusce.fermentum@porttitorinterdum.co.uk','Fuller',921228612,'WAM49TSV2YT'),('Duis@ornare.com','Owen',928255685,'LZA07QSW5WZ'),('neque.et.nunc@penatibusetmagnis.ca','Perry',919462780,'EUI97EZU0ZB'),('tempor@gravida.net','Nina',945374025,'NZD73KDX5JE'),('Suspendisse.non.leo@risusDonecegestas.ca','Duncan',911642840,'BBB43GKO4PX'),('enim.Curabitur.massa@commodo.com','Hall',917728477,'KZW04EEE7JR'),('justo.Proin.non@venenatisa.co.uk','Leonard',958524560,'MYK86EOT7BA'),('at.libero.Morbi@sitamet.co.uk','Isadora',953920330,'EUJ45MUW4ZD'),('eget.varius@justoProinnon.com','Karly',932935401,'HIO00UDZ3WV'),('ridiculus.mus.Proin@tellusSuspendissesed.com','Pascale',956429589,'TPU57YUQ8PI'),('consectetuer.cursus.et@vulputatemauris.org','Garrett',942836220,'UWM35WUD3SF'),('gravida@Phasellusdolor.ca','Holly',917827025,'WCR41OQI4OR'),('Donec.egestas@at.org','Karly',954849471,'QUH24UHG5GU'),('neque.vitae@lorem.edu','Isabella',902879246,'VFA44OUD2DL'),('non.lacinia@in.org','Lucius',966549816,'CHO56EVJ7BR'),('natoque.penatibus@viverra.edu','Kimberly',964299716,'AUH39PAX4ME'),('et.magnis.dis@Fuscedolorquam.ca','Rhoda',945090413,'JMI66XZK9FY'),('Donec.nibh.Quisque@id.co.uk','Declan',902290370,'ZFY34DMR2FS'),('nibh@semutcursus.co.uk','Mannix',994608957,'SNN44UAT0ZK'),('ut@dolor.edu','Dylan',994089877,'OOU93OBW1JU'),('ipsum.Curabitur.consequat@tincidunttempusrisus.ca','Ethan',926508847,'PLU66WJU8LR'),('aliquet@Suspendisse.ca','Sade',918677439,'UHS02ZQX9IG'),('enim.Mauris@viverraDonec.co.uk','Savannah',978059644,'NFZ94ZBJ2VT'),('mollis.lectus.pede@Crasegetnisi.net','Jordan',963859796,'MCH18OEO0OD'),('nonummy.ultricies.ornare@turpis.org','Timothy',912159740,'ZKZ92IDV9XF'),('Fusce.aliquet@diamluctus.edu','Lois',976164043,'VCH90NHB3ZM'),('Cras.eu@facilisis.co.uk','Stuart',968528651,'XXY14SGH4OT'),('Lorem.ipsum@lobortis.edu','Bertha',950772198,'PCW79SUQ5CT'),('lectus@nec.edu','Camille',908780501,'KSX34NBC8RV'),('Nam@afacilisis.com','Tad',964165830,'FGD97QIO0SS'),('risus.Morbi.metus@felis.ca','Melanie',981112927,'OQZ91HXE4PD'),('egestas@Duis.co.uk','Quintessa',994400297,'SOM37ZHN0IM'),('aliquam@Craspellentesque.net','Lewis',971198310,'XSN64DFJ2AP'),('et.rutrum.eu@aliquetlibero.ca','Sheila',992085894,'UJT20MMS4RT'),('arcu.Vestibulum.ante@blanditatnisi.edu','Lucius',903756679,'BTN70OFT4TO'),('eu@nuncQuisque.org','Timon',919624625,'WIV53YAC0XB'),('mattis.ornare.lectus@luctusutpellentesque.org','Jesse',953803117,'TIM30GJL2AE'),('metus@Donecvitae.net','Wang',927705322,'FDI29DYX2ZP'),('lorem@natoquepenatibus.net','Tucker',970055112,'EMX89BCW1IR'),('bibendum.sed@dolorsitamet.co.uk','Stuart',932864357,'KPQ49UTF6ML'),('neque@duiinsodales.edu','Basia',977569041,'QGF33QSA4QF'),('quis@ornare.edu','Clinton',970233655,'NMI71DTQ1DX'),('elit@metusfacilisis.org','Slade',996689706,'FTN46KMT0UQ'),('quis.diam.luctus@nunc.net','Eaton',962162597,'PYI50AOF5RK'),('semper.cursus@pellentesqueeget.ca','Callum',921200049,'DGV85TXL4GX'),('eleifend.non@ullamcorpereu.co.uk','Cole',993325628,'UYX40CTM7HF'),('quam.a@dolordolortempus.ca','Plato',962610480,'SIV02SLI8HT'),('malesuada@mattis.edu','Sarah',958694265,'KZD99NDF1TD'),('et.magnis@ametultriciessem.com','Elijah',926824999,'OLU17KZE6EF'),('tempor@faucibusMorbi.net','Nell',970883553,'ITS58IRP2GU'),('adipiscing.elit@lacusMaurisnon.net','Rina',914745900,'RPH83COH8CS'),('euismod.mauris@vulputate.ca','Ishmael',954868688,'EFQ99ISY2CA'),('amet.consectetuer.adipiscing@nibhsitamet.org','Justine',991293898,'ROB98FGC2QM'),('sit.amet@odiosagittissemper.net','Tallulah',938374412,'EJA86WEC8NT'),('per.inceptos@aauctor.co.uk','Merritt',921252501,'INQ00YJA4EK'),('Duis.a@interdum.co.uk','Ezekiel',966910328,'SHH03LCD1UB'),('tempor.erat@pedeNuncsed.net','Farrah',939898456,'DAK91EXB1EL'),('interdum.Nunc.sollicitudin@euneque.co.uk','Lance',995429244,'DNU50IYQ0EW'),('varius.orci.in@risus.co.uk','Barclay',926049853,'UAM08THA7LZ'),('lorem.auctor@luctusetultrices.edu','Lev',987110327,'PUK50VNO5LF'),('nec.mollis.vitae@accumsaninterdum.ca','Kerry',969932021,'XBC40BLL7ON'),('vitae.sodales@tellus.org','Lynn',923289373,'UHR83FEO6RL'),('quis@Sed.ca','Imani',970336293,'HRQ02TKQ2BT'),('magna.malesuada@Nulla.ca','Amal',991100186,'YEQ45WAQ1QA'),('ullamcorper.nisl.arcu@lectussit.org','Shelby',910947467,'DJB15EZY5JO'),('placerat@auctorodio.edu','Carlos',951651513,'ECE46LSX0JH'),('eu@purus.net','Maite',918767447,'FMX89FDJ1CJ'),('tempus.lorem.fringilla@imperdietnon.co.uk','Kirby',909971717,'QCH99RGK7EQ'),('tempus.eu@turpisegestasAliquam.co.uk','Tamara',946617931,'DAI02QTM3FU'),('natoque.penatibus@nectempus.co.uk','Charlotte',914054463,'LEA75EMV4TJ'),('a.magna.Lorem@quis.co.uk','Mira',959890405,'ITU31HKX6MM'),('orci.Phasellus.dapibus@lorem.org','Tallulah',972269523,'TZH29GZT9CC'),('cursus.a.enim@eros.ca','Ariel',910117725,'BBG69DAA7XT'),('imperdiet@cursusNuncmauris.ca','Ivan',974423254,'UWP25GUG7SM'),('luctus.et.ultrices@turpisvitaepurus.com','Ishmael',934878479,'IZB03ZXC2OV'),('vel.lectus@Craseget.com','Laith',961079576,'USI59ZUO6NY'),('ornare.elit.elit@ligula.ca','Lana',995039930,'IUN00JEO6YG'),('ac.risus.Morbi@lacusMauris.com','Irene',949072072,'TMN82HGW9OQ'),('semper@Phasellusfermentum.net','Pearl',904509850,'ULR53ZFC1NP'),('mi.fringilla.mi@et.net','Nissim',979058069,'NQP31GAZ9ZM'),('condimentum.Donec@anunc.net','Kellie',967386782,'RWZ56VKA7OT'),('ante@mollis.edu','Blossom',928591781,'UZS90KMM1LI'),('ipsum.Curabitur@risus.net','Ila',951827216,'ICS55RSA0SI'),('a.tortor.Nunc@penatibus.co.uk','Evan',951998604,'ZSS72VXO8US'),('sem.semper.erat@NulladignissimMaecenas.co.uk','Gil',947083221,'EYE38QAK0RG'),('nibh@neque.net','Gillian',956897433,'VBM00TVO6QZ'),('facilisis@convalliserateget.net','Raphael',945345176,'NRZ53LOQ3GG'),('magna@ametconsectetuer.org','Judith',967796682,'IWC09RGK7MH'),('conubia@eratvolutpatNulla.edu','Mark',984650477,'CHH73FDH6GZ'),('ut.sem@dictum.com','Madaline',962089436,'FNA75STV9RR'),('nisl.Quisque@at.ca','Iris',903308096,'OUD00AFH1WW'),('Etiam.imperdiet@liberoMorbi.edu','Lisandra',977120407,'FVO66XJD8ET'),('feugiat.non.lobortis@velitQuisque.org','Idola',964916138,'CWF57NBL7TQ'),('dignissim.lacus.Aliquam@quislectus.com','Odette',905674094,'OLX51ENT9JB'),('nec@Praesenteudui.ca','Rooney',980009625,'ATP00ZFL0SL'),('nulla@lobortisauguescelerisque.net','Amery',950357060,'BWV44LBO6NO'),('dui.nec.tempus@necquamCurabitur.co.uk','Raven',980501668,'NBP06RQW5OV'),('faucibus.leo.in@Morbimetus.com','Chanda',972649904,'EHO88TGK6PH'),('ullamcorper.Duis.cursus@dolorFuscefeugiat.edu','Xandra',967124431,'GLY59FJZ6DJ'),('gravida.Praesent@nuncQuisqueornare.co.uk','Isaac',992397215,'FBC31UWF1AY'),('in@etmagna.ca','Hilary',951120001,'QBI70TTZ9JN'),('at@adipiscinglacusUt.net','Glenna',990277194,'FSD86KGL7ML'),('estafeta@gmail.com','Willow',949288819,'estafeta'),('Maecenas.libero.est@arcu.com','Kane',950386485,'ZQM83SNG2KV'),('enim.Etiam@ametmassa.ca','Fuller',988328029,'TFF53FEZ0XF'),('a.enim.Suspendisse@Mauriseu.com','Candace',997623767,'OON94TWK8HL'),('vel@antedictum.edu','Aaron',975861737,'MKK86EMN2QO'),('diam.luctus@feugiatLoremipsum.net','Cole',965194380,'GZK28LYU7TI'),('a.enim@loremluctus.edu','Harrison',919672073,'AUQ22URM4HT'),('sit.amet.luctus@ipsumnonarcu.com','Hop',924860191,'TLO29VUY6HT'),('semper@euismodac.com','Lucas',933451570,'ULJ20TJF7XP'),('aliquam.enim@Duisvolutpat.com','Lillith',967446990,'BUU41XOQ3HE'),('imperdiet@tortor.org','Camille',993483405,'NRW39SPM7PU'),('orci.Ut@inmagnaPhasellus.edu','Nomlanga',971621767,'QYP11UMA5JE'),('Mauris@acarcuNunc.com','Gemma',984000346,'BRG58MJM0GI'),('magna@et.co.uk','Ezekiel',920573817,'BCB59KCS6ZV'),('eget@Sedeget.ca','Teagan',971681569,'KOK47TDN8VE'),('et.magnis@elit.edu','Samson',973854598,'QNS71WZU9ZB'),('semper.dui.lectus@massaMauris.ca','Ramona',980210919,'VHK75BOJ5ZS'),('cursus@Quisqueimperdiet.net','Axel',925484191,'BCG37LRF2LH'),('egestas@sitamet.com','Hu',985374615,'ZVT93NWV1EB'),('mauris.a.nunc@convallisligula.ca','Jennifer',987530469,'ATV36LMB1BV');

INSERT INTO Pizaria.Administrador VALUES ('admin@gmail.com');

INSERT INTO Pizaria.Restaurante (contato,morada,no_lugares_disponiveis,lotacao,hora_abertura,hora_fecho,dono) VALUES (256455582,'8109 Orci Street',6,25,'11:00','23:00','admin@gmail.com'),(256838392,'P.O. Box 264, 2474 Varius Street',7,23,'11:30','23:00','admin@gmail.com');

INSERT INTO Pizaria.Estafeta (email,res_contato) VALUES ('estafeta@gmail.com', 256455582),('Maecenas.libero.est@arcu.com', 256455582),('enim.Etiam@ametmassa.ca', 256455582),('a.enim.Suspendisse@Mauriseu.com', 256455582),('vel@antedictum.edu', 256455582),('diam.luctus@feugiatLoremipsum.net', 256455582),('a.enim@loremluctus.edu', 256455582),('sit.amet.luctus@ipsumnonarcu.com', 256455582),('semper@euismodac.com', 256455582),('aliquam.enim@Duisvolutpat.com', 256455582),('imperdiet@tortor.org', 256838392),('orci.Ut@inmagnaPhasellus.edu', 256838392),('Mauris@acarcuNunc.com', 256838392),('magna@et.co.uk', 256838392),('eget@Sedeget.ca', 256838392),('et.magnis@elit.edu', 256838392),('semper.dui.lectus@massaMauris.ca', 256838392),('cursus@Quisqueimperdiet.net', 256838392),('egestas@sitamet.com', 256838392),('mauris.a.nunc@convallisligula.ca', 256838392)

INSERT INTO Pizaria.Cliente (email,idade,genero,morada) VALUES ('tellus.justo.sit@iaculis.net',58,'M','3711 Congue St.'), ('vehicula.Pellentesque@elit.co.uk',31,'F','665-7395 Orci Av.'), ('tempus.non.lacinia@feliseget.co.uk',32,'M','P.O. Box 978, 2022 Quisque St.'), ('elementum.sem.vitae@egestas.org',61,'F','210-3374 Ligula. St.'), ('Donec.nibh.Quisque@facilisisvitae.edu',34,'M','576-430 Magna. Rd.'), ('eu@egestas.ca',66,'M','502 Mauris. Av.'), ('In@venenatisvel.net',51,'F','P.O. Box 384, 4238 Nisl St.'), ('nibh@tellus.net',65,'F','9376 Tellus Ave'), ('dolor@egetdictumplacerat.ca',58,'M','Ap #680-4824 Adipiscing Street'), ('ultrices@elitelit.net',52,'M','440-1090 Tristique Ave'), ('urna.convallis@tinciduntcongue.co.uk',29,'F','733-9099 A, Ave'), ('commodo@Curabituregestasnunc.org',56,'M','753-3357 Nulla Rd.'), ('Praesent.luctus@ultriciesornareelit.ca',33,'F','956-1130 Sit St.'), ('Curabitur.dictum.Phasellus@Curabitursedtortor.co.uk',19,'F','Ap #458-3257 Nec, Street'), ('nulla.ante.iaculis@temporaugueac.net',47,'F','1785 Enim St.'), ('rutrum.Fusce@loremfringillaornare.co.uk',19,'F','823-534 Interdum St.'), ('fermentum@neque.org',42,'M','9577 Risus. Road'), ('parturient.montes@enimEtiamimperdiet.org',69,'F','Ap #611-6991 Est St.'), ('cursus.et.eros@dignissim.ca',28,'M','Ap #871-551 Eu Rd.'), ('risus@orciPhasellus.com',26,'M','P.O. Box 852, 7959 Nunc Avenue'), ('ligula.Nullam.feugiat@et.org',53,'F','P.O. Box 112, 2720 A Street'), ('amet.nulla@sit.net',50,'M','744-7956 Imperdiet Rd.'), ('sollicitudin.adipiscing@per.edu',35,'F','727-2634 Faucibus Avenue'), ('lobortis@adipiscinglacusUt.net',68,'M','9550 Ut St.'), ('Donec.est.Nunc@Fusce.edu',68,'M','765-5056 In St.'), ('eu@orci.net',40,'M','1098 Cum Ave'), ('volutpat@lacinia.co.uk',53,'F','969-598 Erat Rd.'), ('rhoncus@conguea.org',69,'F','288 Quis Rd.'), ('tristique.pharetra.Quisque@loremvitaeodio.ca',40,'M','615-7555 Ac Rd.'), ('tempor@eutellus.com',69,'F','Ap #484-4209 Malesuada. Ave'), ('at.arcu.Vestibulum@ultricesmaurisipsum.co.uk',45,'F','P.O. Box 776, 7009 Tortor. Av.'), ('Phasellus@elit.net',55,'F','Ap #314-7454 Dui Rd.'), ('Nam.ac@lacusvestibulum.edu',43,'F','985-8239 Mauris Street'), ('Mauris.molestie@vitaeorciPhasellus.edu',52,'M','Ap #279-5887 Lacinia. St.'), ('per@utaliquamiaculis.com',62,'M','P.O. Box 378, 6043 Et Rd.'), ('Duis@vitaeorci.com',22,'M','2445 Placerat. Avenue'), ('risus@felis.org',31,'F','Ap #621-9265 Nulla. Ave'), ('turpis.non.enim@In.ca',66,'M','P.O. Box 355, 2038 Nulla Ave'), ('neque@auguemalesuadamalesuada.net',47,'F','Ap #909-705 Risus. St.'), ('Aenean.massa@ornareegestas.ca',59,'F','9726 Velit St.'), ('elit@lorem.com',44,'M','2047 Ipsum Rd.'), ('ornare.In.faucibus@eleifend.org',39,'F','P.O. Box 954, 5394 Mollis Road'), ('dui@vehicula.co.uk',48,'M','Ap #217-3363 Vivamus Road'), ('tellus.Suspendisse.sed@Maurisvestibulum.ca',58,'M','4612 Orci, Ave'), ('ultricies@Mauris.co.uk',18,'M','Ap #520-4015 Tempus St.'), ('diam@Nullamscelerisqueneque.edu',68,'M','828-7032 Sit Street'), ('Mauris@convallisest.co.uk',63,'F','P.O. Box 246, 1275 Ut Av.'), ('lacus.Etiam@ametconsectetuer.org',39,'F','567-8260 Tellus Av.'), ('nunc.In@imperdieterat.co.uk',36,'M','Ap #257-8239 Per Avenue'), ('magna.malesuada@nonduinec.net',25,'F','335-1957 Per Ave'), ('Nullam.nisl.Maecenas@Mauris.ca',41,'F','P.O. Box 979, 8702 Aenean St.'), ('et@elitNullafacilisi.ca',60,'M','P.O. Box 396, 9851 Est St.'), ('faucibus@egestasnunc.ca',26,'M','5953 Morbi St.'), ('vestibulum@loremfringillaornare.com',24,'M','P.O. Box 100, 2379 Ligula. Av.'), ('odio@quamquisdiam.net',51,'F','569-2226 Magna Av.'), ('ultrices@vulputate.org',40,'M','Ap #210-7618 Urna. Ave'), ('lorem.ac@vestibulum.ca',26,'M','Ap #832-8465 Curabitur Road'), ('eu@lacus.edu',54,'M','176-417 Malesuada Av.'), ('imperdiet.non.vestibulum@eutellusPhasellus.co.uk',53,'F','P.O. Box 511, 334 Ornare. Rd.'), ('luctus.et@luctus.net',33,'F','695 Facilisis. Road'), ('vel.sapien@velnislQuisque.net',68,'M','P.O. Box 304, 3757 Enim Ave'), ('Vivamus@morbi.co.uk',43,'F','3315 Quisque Rd.'), ('odio.Phasellus.at@dolor.com',20,'M','P.O. Box 789, 425 Urna Av.'), ('vel.convallis@In.edu',40,'M','Ap #795-5111 At Rd.'), ('eu@vehiculaaliquetlibero.com',66,'M','Ap #524-3284 Lobortis St.'), ('tincidunt.pede@Maurisquisturpis.ca',55,'F','2834 Dolor Ave'), ('mollis@Quisqueporttitor.net',26,'M','7256 Vitae Ave'), ('euismod@fringillamilacinia.net',40,'M','Ap #520-6921 Mauris St.'), ('ut.dolor.dapibus@Utnecurna.net',18,'M','Ap #751-5510 Aenean Street'), ('malesuada@laoreetposuere.ca',64,'M','Ap #975-2782 Placerat Avenue'), ('semper@vehiculaaliquet.ca',61,'F','461-8969 At Avenue'), ('Nunc@rhoncusDonec.net',45,'F','Ap #225-7315 Mauris Av.'), ('aliquet.Phasellus@ipsum.ca',19,'F','P.O. Box 936, 8134 Dui Road'), ('ac.facilisis.facilisis@nunc.edu',41,'F','Ap #623-1320 Duis Rd.'), ('sem.ut.dolor@dictumProineget.ca',51,'F','Ap #200-4270 Mollis. Rd.'), ('egestas@aliquameu.net',67,'F','P.O. Box 995, 3628 A Street'), ('orci.tincidunt@sem.edu',38,'M','741-6872 Mauris Av.'), ('libero.Integer@egestasrhoncus.edu',53,'F','2561 Nibh. Rd.'), ('Curabitur.consequat.lectus@egestasadui.edu',53,'F','6369 Eu Ave'), ('vel.vulputate.eu@mollis.net',27,'F','5454 Placerat Ave'), ('ullamcorper.magna.Sed@enimcondimentum.ca',65,'F','241-3763 Commodo Rd.'), ('Sed.neque.Sed@turpisegestasAliquam.com',49,'F','520-6421 Ut, Road'), ('felis.eget@Duisac.ca',24,'M','P.O. Box 337, 9633 Congue. Avenue'), ('felis.orci@hendreritidante.com',22,'M','6072 Tortor Ave'), ('non.luctus@lacusAliquamrutrum.ca',24,'M','P.O. Box 292, 5926 Ridiculus St.'), ('luctus.sit.amet@Aliquamnisl.com',68,'M','Ap #548-8629 Praesent Rd.'), ('nonummy.Fusce.fermentum@adipiscingenim.com',67,'F','8724 Sem. Av.'), ('nisi.a.odio@erosNam.edu',66,'M','757-864 Semper Street'), ('commodo@lectusconvallis.net',60,'M','959-3489 Pede. Avenue'), ('sem.elit@luctusvulputatenisi.co.uk',60,'M','7253 Euismod Avenue'), ('risus@Nunc.org',47,'F','P.O. Box 496, 2537 Dictum Avenue'), ('odio.Phasellus.at@neque.edu',61,'F','Ap #534-3964 Diam Rd.'), ('pede.blandit@dignissimpharetraNam.net',49,'F','P.O. Box 468, 2944 Varius Rd.'), ('nec.ligula.consectetuer@eterosProin.edu',53,'F','Ap #463-5090 Semper Avenue'), ('eu.euismod.ac@Nulla.ca',53,'F','Ap #158-9090 Cursus Avenue'), ('facilisi@pharetranibhAliquam.net',68,'M','795-4759 Urna St.'), ('massa.non@facilisis.co.uk',62,'M','220-4338 Egestas. Ave'), ('quis.pede.Suspendisse@necluctusfelis.org',49,'F','Ap #502-1028 Amet Road'), ('sapien.Cras@etultrices.co.uk',40,'M','Ap #728-1834 Nascetur Ave'), ('vestibulum.neque.sed@orci.co.uk',63,'F','396-5785 Metus. Ave'), ('aliquam.eros.turpis@ultrices.edu',46,'M','Ap #897-2405 Arcu St.'), ('ultricies.ornare@risusQuisque.com',51,'F','P.O. Box 726, 4834 Nec Road'), ('penatibus.et.magnis@afeugiattellus.ca',45,'F','P.O. Box 925, 167 In Ave'), ('lectus@tempuseuligula.net',48,'M','Ap #580-1072 At, Avenue'), ('risus.Nulla.eget@Crassed.edu',27,'F','7075 Quis, Street'), ('vulputate@orciadipiscing.ca',18,'M','4156 Mauris Rd.'), ('Pellentesque.tincidunt@etpedeNunc.org',48,'M','173-6023 Dui Street'), ('rhoncus.Donec@aliquetProin.ca',19,'F','570-4094 Cursus Avenue'), ('aliquam@ametloremsemper.edu',19,'F','Ap #702-3652 Diam Street'), ('sit@aliquetlobortis.org',27,'F','8459 Scelerisque, Rd.'), ('Sed@Quisqueimperdiet.edu',32,'M','P.O. Box 550, 806 Est Ave'), ('ultrices.mauris.ipsum@bibendumDonec.edu',39,'F','Ap #185-9544 Lorem Street'), ('ligula@pede.net',23,'F','Ap #897-4298 Suscipit, Street'), ('ultrices.Duis.volutpat@consectetueripsumnunc.org',59,'F','134-1012 Cursus Rd.'), ('ante.blandit.viverra@ipsum.edu',22,'M','303-3760 Nibh. Road'), ('imperdiet.ornare.In@Namnullamagna.net',63,'F','Ap #137-9328 Elit St.'), ('nibh.enim.gravida@actellus.ca',42,'M','4275 Ante Avenue'), ('nisi.Mauris@Nuncmauris.ca',61,'F','Ap #183-4250 Augue, Street'), ('tempus.risus@risusDonecegestas.org',60,'M','P.O. Box 211, 213 Dui. Ave'), ('sagittis@rutrumnon.com',24,'M','4935 Sed Avenue'), ('sagittis@sed.com',56,'M','P.O. Box 983, 7873 Dui Rd.'), ('montes.nascetur@ornare.edu',64,'M','P.O. Box 737, 215 Vulputate Rd.'), ('lectus.ante.dictum@Nullam.co.uk',21,'F','Ap #973-2836 Luctus Avenue'), ('gravida.mauris.ut@dapibus.co.uk',51,'F','4615 Et Road'), ('a.arcu.Sed@aliquetsemut.com',28,'M','Ap #197-7542 Urna. Road'), ('Integer@felisullamcorper.co.uk',38,'M','4323 Justo. Avenue'), ('mauris@suscipit.edu',38,'M','813 Curabitur Rd.'), ('tellus@non.org',31,'F','Ap #984-2613 Suscipit, Rd.'), ('tellus.id@consectetuer.ca',29,'F','1477 Interdum. Rd.'), ('risus.odio@sollicitudincommodoipsum.co.uk',30,'M','Ap #345-6330 Ac St.'), ('nec.enim@magnaCrasconvallis.org',35,'F','P.O. Box 982, 7598 Ridiculus St.'), ('turpis@antebibendum.co.uk',62,'M','919-7751 Vitae St.'), ('porttitor.eros.nec@ipsumdolor.net',31,'F','Ap #413-9319 Pede, St.'), ('Nunc.pulvinar@temporarcu.ca',21,'F','Ap #465-5238 Maecenas St.'), ('penatibus.et@Integer.ca',43,'F','789-2829 In Street'), ('vehicula.et.rutrum@quis.org',55,'F','583-9964 Neque. Road'), ('accumsan.convallis@mollisduiin.com',22,'M','9902 Neque. St.'), ('aliquam@imperdietullamcorper.com',61,'F','548-9566 Purus Street'), ('Aenean.massa@luctusCurabitur.org',52,'M','205-2850 Lorem Rd.'), ('purus.accumsan@nonquamPellentesque.edu',52,'M','Ap #102-4089 Lorem St.'), ('et.magna@Nullamfeugiat.net',42,'M','Ap #624-8743 Rhoncus Av.'), ('ultrices@sit.edu',27,'F','8837 Ipsum. Road'), ('at@Nunclaoreetlectus.net',27,'F','Ap #418-3996 Orci. Road'), ('dignissim.tempor@Inmipede.net',48,'M','Ap #640-6081 Pharetra. Rd.'), ('enim.mi.tempor@ametluctus.edu',33,'F','3344 Amet Street'), ('leo@velitQuisquevarius.ca',25,'F','Ap #837-8662 Orci Ave'), ('aptent.taciti@sodalesMaurisblandit.com',47,'F','4588 Lacus. Street'), ('mus.Proin@Maecenasornareegestas.ca',53,'F','Ap #916-4727 Imperdiet Road'), ('nunc@euismodestarcu.edu',38,'M','3370 Eu Rd.'), ('tellus.Suspendisse@disparturientmontes.org',50,'M','Ap #199-1962 Orci, Rd.'), ('a.purus@magnaSedeu.net',20,'M','199-3750 Cursus Ave'), ('In@dictumultriciesligula.ca',19,'F','P.O. Box 418, 1975 Malesuada. Rd.'), ('magna@montesnasceturridiculus.org',67,'F','651-6522 Diam Rd.'), ('ligula@nulla.org',38,'M','457-9763 Sed Road'), ('nisl.elementum@Phasellus.com',26,'M','Ap #325-3166 Cras Av.'), ('Aliquam.auctor.velit@mollis.org',54,'M','Ap #534-1660 Eleifend Av.'), ('magna@vestibulumneque.net',29,'F','P.O. Box 729, 485 Tellus Av.'), ('et@egestas.co.uk',55,'F','4622 Egestas Rd.'), ('libero.Morbi@metuseu.net',18,'M','5567 Vel St.'), ('Nullam@laciniaorciconsectetuer.co.uk',46,'M','580-8779 Sapien, Avenue'), ('faucibus.orci.luctus@magnisdisparturient.edu',52,'M','866-5027 Donec Street'), ('dictum.Proin@nascetur.edu',45,'F','6320 Sed, Avenue'), ('dui@orcisemeget.org',31,'F','Ap #503-8712 Vitae Road'), ('ornare.lectus.justo@elementumpurus.org',42,'M','Ap #821-6089 Condimentum. Av.'), ('fermentum.metus.Aenean@ametrisusDonec.edu',22,'M','9012 Sed St.'), ('nec.leo@vel.ca',39,'F','805-6144 Ut Avenue'), ('sit@sit.co.uk',68,'M','166-1488 Pretium Av.'), ('senectus.et.netus@nequenon.co.uk',37,'F','Ap #373-3272 Aenean Rd.'), ('scelerisque@ligulaAliquam.org',34,'M','P.O. Box 607, 917 Proin St.'), ('malesuada.vel@incursus.edu',54,'M','890-7105 Cras Street'), ('turpis.vitae@ultriciesornareelit.com',39,'F','P.O. Box 378, 1010 Rhoncus St.'), ('rutrum.magna@vitae.org',61,'F','267-3102 Donec Avenue'), ('Phasellus.dapibus.quam@enim.edu',58,'M','Ap #548-9222 Aliquam Avenue'),('aliquet.lobortis@Donecnibh.ca',63,'F','Ap #449-3001 Diam. Ave'), ('elit@malesuadafamesac.net',23,'F','1987 Nunc Rd.'), ('elit.Aliquam.auctor@parturient.edu',59,'F','P.O. Box 169, 8897 Nec Rd.'), ('non@vitaeorci.ca',39,'F','1111 Condimentum. Road'), ('Donec@euaccumsan.org',58,'M','P.O. Box 448, 8725 Turpis St.'), ('lorem@ettristique.edu',27,'F','786-7224 Aenean Rd.'), ('adipiscing.fringilla.porttitor@luctus.com',37,'F','453-6010 Volutpat. Avenue'), ('metus.urna@tempusnon.co.uk',30,'M','Ap #606-4280 Sed Rd.'), ('dis.parturient@Integervulputaterisus.com',45,'F','Ap #810-1036 Ac Street'), ('amet.risus@Inat.net',32,'M','5856 At Street'), ('tristique.ac@Cumsociisnatoque.net',43,'F','981-627 At Street'), ('eu.euismod.ac@mattis.edu',53,'F','P.O. Box 713, 4309 Placerat, St.'), ('Nullam.nisl@facilisisnon.com',46,'M','P.O. Box 204, 2498 Luctus Rd.'), ('mollis.Phasellus@nibh.net',45,'F','398-7809 Vivamus Avenue'), ('fringilla@Inmi.co.uk',54,'M','P.O. Box 591, 9353 Elit, Avenue'), ('molestie.Sed@nunc.edu',23,'F','625-9038 Dolor, Road'), ('velit@Sedidrisus.edu',21,'F','6109 Donec Rd.'), ('Curabitur.dictum@dui.net',22,'M','Ap #700-2582 Lorem, Av.'), ('Mauris.magna.Duis@ornare.net',37,'F','717-9975 Ac Avenue'), ('dignissim@famesacturpis.edu',35,'F','9337 Cubilia Rd.'), ('elementum@Sed.edu',35,'F','7006 Nec Avenue'), ('in.magna@dolornonummyac.ca',36,'M','968-5948 Eget St.'), ('ornare.egestas.ligula@mollis.net',43,'F','Ap #548-7909 Nunc Rd.'), ('velit@mollisDuis.co.uk',45,'F','Ap #709-6806 Orci, Street'), ('posuere.vulputate@tristiquepharetra.com',23,'F','P.O. Box 583, 1751 Natoque Avenue'), ('Aenean@magnanec.ca',31,'F','398-2820 Ut, Rd.'), ('consectetuer.mauris.id@Proin.co.uk',52,'M','P.O. Box 789, 4079 Vel, Street'), ('dolor.dapibus@Morbi.net',53,'F','Ap #612-6603 Sapien Rd.'), ('eu.ultrices.sit@leoVivamusnibh.net',69,'F','278-3316 Fusce Rd.'), ('neque.Nullam@eratvitaerisus.edu',35,'F','360-9873 Nibh Road'), ('Vestibulum@eratvolutpatNulla.co.uk',60,'M','P.O. Box 925, 8252 Tincidunt Ave'), ('Sed@Aeneanegestashendrerit.co.uk',22,'M','Ap #201-437 Orci Road'), ('arcu.Curabitur.ut@acmattisvelit.net',41,'F','330-5023 Tempor, Road'), ('pede.ultrices@lectusNullamsuscipit.co.uk',34,'M','188-6425 Metus. Avenue'), ('ante.dictum.mi@consectetuercursus.ca',53,'F','1240 Amet Avenue'), ('est.mauris@idmollisnec.ca',49,'F','P.O. Box 642, 8494 Nunc. Rd.'), ('ullamcorper.velit.in@velit.co.uk',67,'F','368-8096 Vestibulum Rd.'), ('laoreet@congueturpisIn.org',57,'F','P.O. Box 748, 815 Lorem Rd.'), ('imperdiet@pretium.ca',61,'F','Ap #970-5919 Nullam Avenue'), ('eleifend.Cras@faucibusorci.ca',38,'M','7892 Euismod Rd.'), ('egestas.rhoncus@lobortisultrices.com',42,'M','P.O. Box 669, 209 A Street'), ('et@Nunc.co.uk',34,'M','P.O. Box 654, 3813 Urna Ave'), ('porttitor.scelerisque@nulla.co.uk',31,'F','Ap #930-9084 Dolor. Avenue'), ('Duis@rutrumFuscedolor.org',61,'F','P.O. Box 341, 244 Aenean Av.'), ('Aliquam@egestasascelerisque.edu',54,'M','Ap #247-8247 Nunc Rd.'), ('ridiculus@risusInmi.edu',30,'M','Ap #588-1207 Aenean Road'), ('in.felis.Nulla@Nuncsed.ca',22,'M','Ap #262-7387 Tristique Ave'), ('Etiam@adipiscinglacusUt.org',28,'M','P.O. Box 468, 8986 Luctus Ave'), ('arcu@erat.ca',34,'M','909-6344 Lorem Avenue'), ('Nunc.sed.orci@montesnasceturridiculus.com',67,'F','P.O. Box 629, 982 Sit Rd.'), ('sed@est.org',35,'F','1120 Lacinia St.'), ('non.lobortis.quis@eudolor.ca',23,'F','P.O. Box 898, 4477 Egestas Rd.'), ('lectus.Cum.sociis@eu.net',64,'M','P.O. Box 101, 3945 Sit Road'), ('mauris.sapien.cursus@atauctor.com',65,'F','922-1569 Tincidunt Rd.'), ('ipsum.dolor.sit@cursusluctus.edu',46,'M','P.O. Box 965, 3218 Mi, Road'), ('lacinia@a.edu',66,'M','Ap #903-8055 Aliquet. Road'), ('amet@lobortis.co.uk',60,'M','9549 Proin Rd.'), ('lobortis.tellus@magnaCrasconvallis.co.uk',33,'F','950-4241 Amet, Av.'), ('neque.et@velconvallis.co.uk',63,'F','6409 Augue. Street'), ('Ut.tincidunt.orci@vel.ca',45,'F','393-562 Id Rd.'), ('vitae.purus@aliquameu.edu',40,'M','P.O. Box 727, 997 Facilisis, Street'), ('rutrum.lorem@nulla.co.uk',37,'F','P.O. Box 623, 3567 Interdum Street'), ('at@auctorvelitAliquam.com',50,'M','673-8538 At, Ave'), ('amet.dapibus@lobortis.net',64,'M','2845 Mauris Road'), ('senectus@bibendum.net',51,'F','5197 Iaculis Rd.'), ('magna@Aliquamgravida.edu',51,'F','7175 Ullamcorper, Street'), ('faucibus.ut.nulla@Donec.com',28,'M','415-5336 Montes, St.'), ('magna.Sed.eu@Fusce.net',33,'F','945-716 Fringilla Av.'), ('quis.diam@risus.net',41,'F','152-5310 Malesuada Rd.'), ('euismod@lectus.org',31,'F','P.O. Box 670, 7786 Eget, St.'), ('ac.eleifend@Suspendisse.com',52,'M','2697 Dolor Avenue'), ('Aenean@loremlorem.ca',29,'F','566-5539 Lacus. Road'), ('tempor@loremfringillaornare.co.uk',25,'F','P.O. Box 682, 2874 Ipsum St.'), ('consectetuer@Proinultrices.ca',24,'M','221-4056 Aliquam, Road'), ('Nulla.aliquet.Proin@estNunc.com',53,'F','Ap #355-9781 Donec Rd.'), ('mi.pede.nonummy@ipsumleoelementum.org',69,'F','Ap #471-1248 Morbi Road'), ('enim.gravida.sit@ac.com',68,'M','P.O. Box 916, 6077 Pretium St.'), ('risus@Ut.edu',50,'M','P.O. Box 696, 5844 Cursus Av.'), ('parturient.montes.nascetur@enim.net',41,'F','Ap #901-6675 Eu, Road'), ('semper.et@nislsem.net',42,'M','P.O. Box 578, 5493 Aliquet Rd.'), ('malesuada@mollisDuissit.net',55,'F','874-1621 Pretium Rd.'), ('eu.nulla@arcuAliquamultrices.edu',25,'F','Ap #203-8295 Id St.'), ('consectetuer.ipsum.nunc@ligula.com',30,'M','703-1780 Amet Rd.'), ('penatibus.et@tinciduntpede.net',55,'F','Ap #471-7542 Libero Av.'), ('Phasellus.fermentum.convallis@egetmetus.org',58,'M','Ap #522-5130 Imperdiet Rd.'), ('congue.In.scelerisque@gravidamauris.edu',39,'F','526-1991 Cursus Ave'),('id.mollis.nec@purus.com',18,'M','Ap #372-7997 In Street'), ('Mauris.quis.turpis@etipsum.co.uk',44,'M','6648 Nisi Rd.'), ('Etiam@diam.com',20,'M','Ap #904-200 Convallis Road'), ('tellus@amalesuadaid.net',58,'M','458 Nunc Ave'), ('aliquam.iaculis@risusquisdiam.org',68,'M','P.O. Box 512, 9709 Etiam Road'), ('orci.tincidunt.adipiscing@atfringilla.org',22,'M','P.O. Box 985, 4044 Sem Avenue'), ('Duis.cursus.diam@dolor.com',61,'F','3599 Lectus Rd.'), ('diam@ullamcorper.net',44,'M','4629 Nulla Avenue'), ('lacinia@Donec.net',49,'F','Ap #690-7563 Risus. Street'), ('mauris.sapien@felisorciadipiscing.org',22,'M','9001 Libero. Ave'), ('placerat@mauris.ca',58,'M','Ap #550-5719 Suspendisse Street'), ('aliquam@risusDonec.edu',54,'M','3031 Malesuada Ave'), ('Nunc.mauris.elit@ametconsectetueradipiscing.edu',56,'M','147-7547 Lacus. Av.'), ('Donec@luctussitamet.ca',68,'M','217-7452 Metus Road'), ('Etiam.vestibulum.massa@Crasdictum.ca',41,'F','P.O. Box 109, 4571 Euismod Rd.'), ('blandit.Nam.nulla@Integereu.net',45,'F','450-6059 Pharetra St.'), ('in@malesuadafamesac.org',67,'F','8988 Aenean Street'), ('ac@Suspendisseacmetus.net',29,'F','Ap #399-9267 Felis. Avenue'), ('eros@facilisisnonbibendum.ca',36,'M','P.O. Box 452, 777 Mi Ave'), ('a.facilisis@lectus.org',56,'M','5582 Tristique Ave'), ('sagittis.semper.Nam@consectetuereuismodest.org',42,'M','508-6129 Imperdiet Ave'), ('sem@lobortisnisinibh.org',69,'F','539-6438 Quisque St.'), ('amet@lobortisultrices.edu',28,'M','732-7631 Tincidunt St.'), ('et@massaSuspendisse.org',33,'F','715-5984 Interdum. Rd.'), ('Vivamus.molestie.dapibus@malesuada.edu',28,'M','P.O. Box 764, 7174 Aliquam St.'), ('vitae.risus.Duis@Integeraliquamadipiscing.edu',50,'M','314-5015 Iaculis Road'), ('nulla.Donec.non@malesuada.net',19,'F','P.O. Box 179, 8432 Eget, Street'), ('euismod.et@malesuada.org',32,'M','Ap #846-8458 Fames Av.'), ('sit.amet.risus@Nuncacsem.edu',56,'M','7393 Inceptos St.'), ('tempor@laciniaorciconsectetuer.com',32,'M','944-5553 Ornare Rd.'), ('magna@lacus.org',52,'M','Ap #853-6537 Iaculis St.'), ('eget.tincidunt.dui@ut.ca',69,'F','P.O. Box 685, 6321 Elit. Rd.'), ('pede.Praesent.eu@imperdietdictum.co.uk',35,'F','Ap #345-8841 Mauris Road'), ('aliquam.enim@acnullaIn.org',62,'M','Ap #656-7948 Massa. Road'), ('ipsum@semperrutrum.ca',26,'M','Ap #765-1880 Suspendisse St.'), ('Fusce@posuerevulputatelacus.edu',32,'M','P.O. Box 871, 2977 Egestas. St.'), ('risus.In.mi@malesuadaid.ca',52,'M','Ap #649-7750 Blandit Ave'), ('eu.enim.Etiam@nonegestas.co.uk',33,'F','2677 Augue Street'), ('arcu.eu@dolorFuscefeugiat.edu',48,'M','795-374 Rhoncus. Avenue'), ('ullamcorper.Duis.at@ultriciesadipiscing.edu',32,'M','599-2617 Congue Rd.'), ('nunc.sed.libero@natoque.edu',47,'F','8790 Quis Street'), ('et.eros.Proin@faucibus.ca',63,'F','Ap #838-8660 In Street'), ('Suspendisse@montesnascetur.co.uk',22,'M','7682 Erat Avenue'), ('Vestibulum.ante.ipsum@Fusce.org',67,'F','3129 Netus St.'), ('Etiam@auctorullamcorpernisl.net',49,'F','749-8277 Volutpat St.'), ('diam.at@elementum.ca',54,'M','Ap #296-6136 Vel, Rd.'), ('quis.turpis.vitae@dictum.co.uk',23,'F','2504 Ut Rd.'), ('imperdiet.ornare.In@elitdictumeu.co.uk',64,'M','3235 Augue Av.'), ('non@ligulatortordictum.org',57,'F','P.O. Box 933, 1429 Egestas Road'), ('non@orci.org',40,'M','747-9575 Mus. Av.'), ('ligula@neque.edu',37,'F','820 At, Ave'), ('eleifend.vitae@odio.com',27,'F','Ap #956-1466 Tellus, Ave'), ('ligula@nec.com',26,'M','183 Sed Ave'), ('nibh.vulputate@nonarcuVivamus.edu',69,'F','6001 Non, Ave'), ('nulla.Cras@Donecluctusaliquet.org',55,'F','481-6111 Aliquam Av.'), ('dis.parturient@tincidunttempus.org',41,'F','Ap #419-837 Velit. Avenue'), ('imperdiet.erat@etpede.org',39,'F','292-6857 Consequat Street'), ('et.arcu@DonecestNunc.net',40,'M','Ap #833-1874 Lacinia Street'), ('vitae.risus@Etiamlaoreetlibero.ca',40,'M','9714 Nullam Street'), ('mauris.erat.eget@sit.edu',50,'M','223-4906 Nunc Rd.'), ('ante@eros.com',29,'F','744-669 Mauris Av.'), ('Aliquam.ornare@sit.ca',27,'F','217-9032 Et Street'), ('posuere.cubilia@convallisconvallisdolor.org',37,'F','P.O. Box 239, 7357 Turpis Av.'), ('nec@pede.org',33,'F','Ap #113-7139 Enim. Rd.'), ('In.faucibus@massaQuisque.ca',48,'M','228-5130 Suscipit, St.'), ('auctor.non.feugiat@ataugueid.ca',41,'F','4884 Eu Rd.'), ('id.ante@euodioPhasellus.net',36,'M','967-2781 Sit Road'), ('eu.elit@nequeet.com',34,'M','Ap #959-9509 Mollis St.'), ('augue.eu.tellus@tellus.co.uk',18,'M','691-902 Cursus St.'), ('adipiscing.lacus@esttemporbibendum.ca',49,'F','Ap #367-1996 Fusce St.'), ('pharetra.ut.pharetra@vitaeerat.edu',31,'F','969-4870 Diam Avenue'), ('ligula@ipsumPhasellusvitae.net',49,'F','Ap #177-7889 Eu, Ave'), ('Vivamus.euismod.urna@nuncsed.net',41,'F','Ap #942-5476 Sem. St.'), ('lobortis.Class@consectetuereuismodest.com',39,'F','P.O. Box 946, 9530 Penatibus Av.'), ('eu@nulla.edu',38,'M','1036 Vitae Street'), ('montes.nascetur.ridiculus@lorem.net',29,'F','2383 Imperdiet Av.'), ('magna@aliquetsem.net',34,'M','7577 Dui. Rd.'), ('id@magnis.ca',41,'F','270 Tellus Avenue'), ('magna@acfermentumvel.edu',41,'F','996-2936 Massa Street'), ('adipiscing.fringilla.porttitor@eusemPellentesque.org',60,'M','8411 Magnis Av.'), ('quis@magna.com',29,'F','Ap #318-7092 Erat St.'), ('nisi.a@non.com',54,'M','P.O. Box 644, 691 Ut Ave'), ('Proin.eget@faucibusMorbi.com',25,'F','Ap #771-2772 Sit Street'), ('in.tempus@vitaediam.ca',34,'M','2761 Nibh. St.'), ('ipsum@sollicitudinamalesuada.com',19,'F','Ap #840-3206 Etiam St.'), ('ligula.Aliquam.erat@magnaPhasellus.org',33,'F','P.O. Box 944, 8050 Et, Rd.'), ('Duis.elementum.dui@urnanecluctus.edu',53,'F','5921 Tortor Rd.'), ('urna.convallis.erat@fermentumfermentum.org',30,'M','Ap #392-1463 Tempus Street'), ('neque.In@nulla.edu',32,'M','362-7832 Nulla Rd.'), ('aliquet@VivamusrhoncusDonec.com',53,'F','P.O. Box 275, 5328 Tincidunt, Ave'), ('congue@auctor.co.uk',42,'M','3004 Scelerisque Rd.'), ('eget.laoreet@aceleifendvitae.edu',26,'M','Ap #782-843 Sed Av.'), ('a.purus@posuerecubiliaCurae.org',54,'M','5307 Felis. Street'), ('ac.facilisis.facilisis@tortorat.net',18,'M','534-6871 Nisi. Street'), ('tempus@bibendum.co.uk',29,'F','350-1986 Malesuada Avenue'), ('arcu.Curabitur.ut@turpisnecmauris.edu',34,'M','P.O. Box 355, 1297 Fringilla Rd.'), ('amet.luctus@mi.com',48,'M','1239 Nibh. Street'), ('Sed@sit.com',28,'M','Ap #496-6839 Nascetur Street'), ('non.hendrerit@conubianostraper.net',54,'M','P.O. Box 221, 9019 Ipsum Rd.'), ('Integer.aliquam@noncursus.co.uk',45,'F','Ap #841-3151 Montes, Avenue'), ('vitae.risus.Duis@velnisl.co.uk',36,'M','7110 Dignissim. Rd.'), ('at.velit@ullamcorper.ca',34,'M','Ap #582-4065 Sed Rd.'), ('quis@ultricies.net',42,'M','Ap #448-7888 Mattis. Av.'), ('bibendum.Donec.felis@diam.com',30,'M','Ap #957-5696 Donec Rd.'), ('at.risus.Nunc@maurisblanditmattis.ca',32,'M','P.O. Box 202, 2281 Luctus, Road'), ('pellentesque.Sed@adipiscing.co.uk',26,'M','6814 Sed Rd.'), ('nisi.Cum@orciUtsagittis.edu',35,'F','Ap #911-4770 In Rd.'), ('arcu.Vivamus@Fuscemi.com',26,'M','495-9963 In, Ave'), ('aliquam@libero.co.uk',24,'M','Ap #754-1952 Risus. Street'), ('quam.vel@lorem.org',55,'F','P.O. Box 520, 7655 Nibh. Ave'), ('Nulla.eu.neque@orci.co.uk',55,'F','P.O. Box 800, 6800 Dui Rd.'), ('dictum.Phasellus@egestasrhoncus.org',18,'M','337-2406 Lorem, St.'), ('feugiat.metus@vel.ca',68,'M','4019 Ac Street'), ('sem.ut@purus.edu',19,'F','P.O. Box 214, 3935 Sapien, Av.'), ('pharetra@magnaSuspendissetristique.co.uk',22,'M','P.O. Box 162, 6912 Magnis St.'), ('aliquet.Proin.velit@dictummagna.co.uk',44,'M','Ap #503-2998 Erat Rd.'), ('semper@ligulaDonecluctus.org',50,'M','8162 Et Street'), ('imperdiet.ornare@ataugueid.com',56,'M','2994 Pharetra. St.'), ('elit.Etiam.laoreet@orci.net',50,'M','571-2993 Arcu Av.'), ('nec.ligula.consectetuer@nibh.com',46,'M','5664 Malesuada. St.'), ('rutrum.lorem@commodohendrerit.co.uk',29,'F','752-2987 Vel Av.'), ('nisi@Phasellus.co.uk',35,'F','P.O. Box 105, 9969 Eget, Rd.'), ('neque.tellus@odioAliquamvulputate.org',49,'F','P.O. Box 509, 4804 Dolor Street'), ('rutrum.Fusce@lacusCras.org',68,'M','829-262 Consequat St.'), ('ligula.Nullam.enim@utlacusNulla.org',30,'M','173-3690 Ut Av.'), ('Duis.cursus.diam@eget.com',44,'M','6417 Urna, Avenue'), ('mauris.Integer@commodoat.co.uk',50,'M','P.O. Box 664, 8832 Morbi Rd.'), ('vel.arcu@tinciduntadipiscingMauris.net',63,'F','Ap #477-2062 Tincidunt Rd.'), ('tincidunt.congue.turpis@Donectempor.net',55,'F','Ap #122-2117 Vivamus Rd.'), ('massa.Suspendisse.eleifend@tempordiamdictum.net',50,'M','5489 Ac Av.'), ('id.risus.quis@ornare.net',49,'F','Ap #607-6566 Tempus, St.'), ('molestie.Sed.id@Inornaresagittis.org',48,'M','P.O. Box 658, 8942 Vel Road'), ('vitae.erat.vel@sollicitudin.co.uk',24,'M','P.O. Box 995, 1095 Vivamus St.'), ('fringilla.euismod@enimSednulla.net',68,'M','P.O. Box 104, 3967 Nulla. Rd.'), ('venenatis.a@eulacus.net',53,'F','Ap #373-2381 Libero Av.'), ('Pellentesque.ultricies.dignissim@aliquam.ca',28,'M','882-8791 Orci. Avenue'), ('Donec.sollicitudin.adipiscing@tortor.ca',63,'F','P.O. Box 579, 7545 Ultrices Rd.'), ('sapien.Aenean@fringillaeuismod.net',62,'M','Ap #437-7582 Accumsan Street'), ('mauris.aliquam@Quisque.co.uk',52,'M','3546 Consequat Rd.'), ('tempor@aarcuSed.org',67,'F','Ap #798-9966 Vel, Road'), ('vel@mi.org',18,'M','Ap #599-8304 Molestie Road'), ('Nullam.lobortis@Inatpede.ca',47,'F','Ap #781-8336 Nisl. Rd.'), ('non.arcu@milacinia.com',59,'F','8522 Tellus Ave'), ('mauris.blandit.mattis@et.com',24,'M','758-9316 Neque. Street'), ('Aenean.eget@lacuspedesagittis.co.uk',23,'F','393-3190 Vel Street'), ('amet@sagittisaugueeu.org',32,'M','Ap #426-9221 Erat Road'), ('aliquet.vel.vulputate@Namporttitor.co.uk',54,'M','Ap #187-5496 Dolor Avenue'), ('vulputate.eu.odio@fringilla.ca',55,'F','175-9790 Donec Av.'), ('eleifend.egestas@metusAliquam.com',31,'F','685-1036 Non, Road'), ('ultricies@rutrum.ca',56,'M','P.O. Box 722, 5658 Velit. Street'), ('taciti@Suspendisse.co.uk',43,'F','P.O. Box 329, 1613 Dolor Rd.'), ('consectetuer.euismod.est@euplacerat.net',20,'M','5320 Elit St.'), ('libero.Donec@Phasellusinfelis.com',52,'M','P.O. Box 943, 2983 Non Rd.'), ('bibendum.fermentum.metus@semvitae.net',36,'M','P.O. Box 574, 8887 Pharetra Rd.'), ('egestas.Aliquam@est.com',63,'F','842-1404 Nunc. St.'), ('orci.lacus.vestibulum@ut.com',59,'F','P.O. Box 162, 1121 Nullam Avenue'), ('lacus.vestibulum.lorem@faucibus.net',47,'F','Ap #914-8815 At, St.'), ('In.condimentum.Donec@arcu.edu',69,'F','P.O. Box 401, 9228 Lectus, Rd.'), ('sed@acurna.co.uk',50,'M','P.O. Box 321, 1390 Eget, Avenue'), ('tincidunt.nibh.Phasellus@sapien.co.uk',50,'M','P.O. Box 305, 3547 Lobortis Rd.'), ('Curabitur.sed.tortor@QuisquevariusNam.ca',50,'M','P.O. Box 704, 8776 Ac St.'), ('sed@Nuncullamcorper.co.uk',31,'F','Ap #517-3486 Ac Avenue'), ('nunc.ac.mattis@estNunc.co.uk',67,'F','Ap #332-412 Enim. Av.'), ('vel.pede.blandit@tellus.org',60,'M','208-2687 Curabitur Av.'), ('ridiculus.mus@nibh.org',56,'M','851-7599 Consectetuer Street'), ('ridiculus.mus@adipiscing.edu',33,'F','Ap #609-4470 Interdum. Street'), ('magnis.dis.parturient@Pellentesquehabitantmorbi.com',33,'F','826-1722 Habitant Av.'), ('per.inceptos@senectus.com',37,'F','Ap #115-2057 Maecenas Av.'), ('auctor.ullamcorper@lectusNullam.net',21,'F','5357 In St.'), ('Curabitur.ut@Curae.com',47,'F','1597 Senectus Road'), ('auctor@Nullamscelerisque.ca',20,'M','P.O. Box 159, 5367 Mollis Rd.'), ('netus.et@venenatisamagna.net',57,'F','543-5670 Auctor Road'), ('ultrices@sagittisNullam.ca',65,'F','5000 Nec Avenue'), ('rhoncus.Nullam.velit@arcuimperdiet.ca',43,'F','2321 Phasellus Avenue'), ('nostra@atlacusQuisque.org',24,'M','P.O. Box 243, 4064 Metus. St.'), ('nunc@Nunc.com',49,'F','Ap #650-7615 Eu Street'), ('feugiat@congueelitsed.org',19,'F','780-732 Quam, Av.'), ('nulla@euelit.net',35,'F','1126 Felis. St.'), ('ultrices@acmetus.edu',35,'F','Ap #313-5497 Magna. St.'), ('sit.amet@musDonecdignissim.co.uk',48,'M','Ap #943-4599 Congue Ave'), ('magnis@dapibusquamquis.ca',32,'M','158-8900 Nec St.'), ('neque.venenatis@nonmassa.edu',60,'M','8112 Aliquam Street'), ('sapien.Cras.dolor@urnanec.org',37,'F','769-4671 Rutrum Road'), ('at.arcu.Vestibulum@necurna.edu',67,'F','319-1209 Vestibulum Street'), ('dui.Suspendisse.ac@pellentesque.net',60,'M','Ap #963-1208 Nascetur Rd.'), ('nisi.a.odio@Morbineque.net',38,'M','986-4585 Duis Avenue'), ('nulla.magna@fringilla.ca',65,'F','287-8573 Dui, St.'), ('enim@acrisusMorbi.co.uk',66,'M','Ap #620-2707 Rutrum Street'), ('pede.Nunc@scelerisquedui.ca',39,'F','995-3582 Nisi Rd.'), ('dictum.augue.malesuada@faucibusut.ca',69,'F','P.O. Box 900, 2794 Lorem, Av.'), ('at.lacus.Quisque@eteros.net',59,'F','Ap #743-3818 Rutrum, Avenue'), ('tempor@aliquet.ca',19,'F','P.O. Box 957, 2988 Turpis. Rd.'), ('lorem.vehicula@Phasellusdapibusquam.org',59,'F','Ap #212-751 Quis, Rd.'), ('Morbi@arcuac.com',36,'M','401-9936 Adipiscing Av.'), ('mus.Proin@fermentumarcu.ca',46,'M','Ap #525-8934 Sem. St.'), ('feugiat.nec.diam@nequesedsem.com',66,'M','281-4137 Ipsum Avenue');
INSERT INTO Pizaria.Cliente (email,idade,genero,morada) VALUES ('cliente@gmail.com',18,'M','440-8601 Dolor Rd.'), ('ipsum.cursus.vestibulum@feugiatnonlobortis.co.uk',35,'F','Ap #797-9378 Eget Road'), ('arcu.Vestibulum@telluseuaugue.com',61,'F','826-2382 Malesuada Street'), ('Duis.risus@Aeneanegetmagna.ca',41,'F','4402 Vitae Rd.'), ('sodales.nisi.magna@pellentesqueSeddictum.ca',51,'F','P.O. Box 743, 4692 Nec, Ave'), ('Etiam.ligula.tortor@euismodin.co.uk',32,'M','878 Quisque Av.'), ('dui.Cum.sociis@aultricies.co.uk',32,'M','7776 Eu St.'), ('lobortis.augue@temporbibendumDonec.com',67,'F','P.O. Box 209, 8038 Orci. Street'), ('luctus.ut@justonec.edu',62,'M','P.O. Box 887, 6150 Nullam Rd.'), ('eget@utmolestie.ca',64,'M','885 Gravida Rd.'), ('eget.tincidunt.dui@ligulaelitpretium.co.uk',67,'F','5818 Iaculis Avenue'), ('faucibus.leo.in@nasceturridiculus.ca',61,'F','Ap #905-6249 Tellus Road'), ('mauris@ultricesposuere.com',63,'F','532-3552 Sed Av.'), ('nec.mauris@facilisi.net',27,'F','P.O. Box 637, 9045 Est, Av.'), ('facilisis@inceptoshymenaeos.com',24,'M','Ap #170-7705 Id Rd.'), ('sodales@quis.ca',62,'M','P.O. Box 960, 777 Vehicula. Ave'), ('nec@vitaealiquameros.ca',28,'M','480-1811 Vel Street'), ('felis.Nulla.tempor@dictumeu.org',65,'F','5643 Faucibus Rd.'), ('egestas@ultriciessemmagna.ca',42,'M','2357 Ligula. Road'), ('id.enim.Curabitur@aliquetodio.edu',62,'M','Ap #788-6948 Cum St.'), ('dolor@semNulla.net',28,'M','Ap #955-1445 Fusce Street'), ('a.sollicitudin.orci@sitamet.com',45,'F','4725 Placerat Ave'), ('dictum.mi@orciUtsagittis.co.uk',61,'F','8544 Posuere Rd.'), ('lobortis@justo.ca',43,'F','P.O. Box 782, 5100 Vulputate, St.'), ('Praesent.interdum@lectusrutrumurna.co.uk',47,'F','Ap #422-4299 Metus Av.'), ('et.commodo@necurnaet.co.uk',50,'M','737 Sed St.'), ('Duis.volutpat.nunc@adipiscing.ca',37,'F','441-5963 Dui St.'), ('luctus.felis@libero.co.uk',37,'F','Ap #404-9057 Nisl St.'), ('ornare.Fusce@rutrumurnanec.org',44,'M','P.O. Box 115, 4559 Sit Avenue'), ('amet.metus.Aliquam@non.edu',29,'F','Ap #897-4313 Eleifend St.'), ('placerat@Sedet.co.uk',45,'F','4609 Libero Av.'), ('rutrum.urna.nec@dictumeu.org',49,'F','Ap #638-8488 Hendrerit Avenue'), ('consectetuer@commodohendrerit.com',67,'F','P.O. Box 628, 6806 Sem St.'), ('mi.Duis@tinciduntDonec.com',31,'F','Ap #521-6005 Vitae Rd.'), ('sapien.gravida@aliquamadipiscing.ca',37,'F','Ap #958-2550 Sagittis. Av.'), ('purus.in.molestie@nonummyultriciesornare.ca',69,'F','9571 Quis St.'), ('sed.pede.nec@adui.net',45,'F','P.O. Box 998, 3331 Et Ave'), ('ut.nisi@semper.net',40,'M','906-1045 Et Rd.'), ('nonummy@tempor.co.uk',35,'F','Ap #821-3900 Habitant Avenue'), ('feugiat.nec@sit.ca',37,'F','205-6417 Hendrerit. Av.'), ('habitant.morbi.tristique@adipiscinglobortis.net',35,'F','752 Suspendisse Av.'), ('eu.placerat.eget@sagittissemper.org',21,'F','264-8350 Nunc St.'), ('mollis@Etiam.org',20,'M','5970 Magna. Rd.'), ('nascetur.ridiculus@auctorvelitAliquam.edu',64,'M','5281 Aenean Av.'), ('sociis.natoque.penatibus@hendrerit.net',48,'M','P.O. Box 604, 9773 Dui Rd.'), ('Morbi@Donec.com',50,'M','P.O. Box 223, 9767 At, St.'), ('ipsum.Suspendisse@euismodetcommodo.com',22,'M','P.O. Box 398, 9474 Nisi. Ave'), ('dapibus.quam@litora.edu',48,'M','Ap #606-2235 Pellentesque St.'), ('metus.In.nec@Pellentesque.ca',48,'M','584-8410 Lorem St.'), ('iaculis.quis.pede@placeratvelit.net',21,'F','P.O. Box 954, 837 Aliquam Road'), ('semper@quis.com',26,'M','8143 Augue Street'), ('sociosqu.ad@Intincidunt.co.uk',54,'M','214-1341 Aliquet Av.'), ('senectus.et.netus@anteipsumprimis.net',68,'M','378-4538 Nunc Rd.'), ('eros.nec@consequatnec.com',39,'F','P.O. Box 653, 2509 Interdum. Ave'), ('magna.Praesent@iaculis.org',49,'F','Ap #209-4844 Quisque Road'), ('Mauris.vestibulum.neque@liberoduinec.net',57,'F','696-8482 A, Ave'), ('eget.ipsum@iaculisaliquetdiam.org',48,'M','719-5688 Mollis Ave'), ('quam.a.felis@Donec.ca',25,'F','Ap #627-6467 Convallis Rd.'), ('parturient.montes.nascetur@tristiqueaceleifend.org',20,'M','P.O. Box 937, 1863 Vitae Road'), ('congue.elit@lobortisrisusIn.com',46,'M','249-9806 Mi Ave'), ('odio.Aliquam@auctor.edu',58,'M','6387 Libero. Road'), ('malesuada.fames.ac@Aliquam.net',69,'F','P.O. Box 770, 225 Bibendum Ave'), ('pede@malesuadafamesac.co.uk',38,'M','320-4337 Id, Street'), ('eget@auctor.edu',23,'F','565-4290 Velit Rd.'), ('dignissim.lacus.Aliquam@odioauctor.net',65,'F','P.O. Box 589, 3432 Malesuada Ave'), ('euismod.urna@mifringilla.org',55,'F','P.O. Box 167, 4833 Diam. Av.'), ('Sed@eratinconsectetuer.org',25,'F','208-5195 Senectus Rd.'), ('erat.eget@lorem.co.uk',66,'M','Ap #979-9784 Consectetuer St.'), ('tempor.lorem@odioa.co.uk',31,'F','204-8114 Ultrices St.'), ('nunc.sed.libero@Morbisit.net',20,'M','977-1036 Massa. Av.'), ('Suspendisse@consequat.edu',34,'M','Ap #107-6366 Nulla Av.'), ('venenatis.lacus@purusaccumsaninterdum.edu',29,'F','P.O. Box 531, 7429 Quam. Ave'),('nec.tellus@mattis.net',48,'M','P.O. Box 726, 9741 Proin Av.'), ('nec.imperdiet@adipiscing.ca',50,'M','P.O. Box 598, 9742 Velit. Av.'), ('id.ante@semper.net',60,'M','Ap #629-7515 Ultricies Rd.'), ('magna@sagittis.org',54,'M','P.O. Box 428, 4468 Porttitor Rd.'), ('ac.fermentum@pedeCrasvulputate.com',32,'M','Ap #103-5336 Sodales Rd.'), ('accumsan.laoreet.ipsum@convallisdolor.ca',64,'M','192-5698 Justo St.'), ('sapien@orciluctuset.org',60,'M','2738 Malesuada Av.'), ('amet.consectetuer@egetmassaSuspendisse.net',32,'M','2010 Justo Av.'), ('mauris.ut.mi@lectusconvallis.org',51,'F','566-7533 Morbi St.'), ('Morbi.vehicula.Pellentesque@purusinmolestie.org',66,'M','9659 Eget, St.'), ('bibendum@Utsemperpretium.edu',67,'F','7070 Suspendisse Ave'), ('Etiam.ligula.tortor@ornaresagittis.org',67,'F','Ap #787-5261 Donec Street'), ('tincidunt.tempus@ornarefacilisiseget.edu',36,'M','Ap #288-3314 Metus. Street'), ('Aliquam.vulputate@diamProindolor.net',60,'M','1688 Molestie Street'), ('et@libero.edu',34,'M','P.O. Box 141, 2352 Mauris Av.'), ('mauris.sit.amet@nequevenenatislacus.net',55,'F','P.O. Box 107, 5038 Suscipit, St.'), ('Cras.sed.leo@magnisdisparturient.edu',42,'M','P.O. Box 141, 1863 Donec Av.'), ('nisi@commodoipsumSuspendisse.org',23,'F','564 Non, Avenue'), ('enim@lectusNullamsuscipit.net',69,'F','3262 Placerat, Rd.'), ('vehicula.aliquet.libero@tristiquepellentesque.org',68,'M','P.O. Box 540, 9569 Non Street'), ('imperdiet.nec@cursus.org',23,'F','8669 Adipiscing Rd.'), ('Quisque@Sedegetlacus.edu',34,'M','8163 Luctus Rd.'), ('nibh.Quisque.nonummy@mollis.ca',57,'F','P.O. Box 792, 9359 Dui Road'), ('suscipit.est.ac@loremtristique.ca',26,'M','Ap #196-3215 Vestibulum Avenue'), ('non.dui@lacusEtiambibendum.org',31,'F','P.O. Box 569, 440 A Road'), ('consectetuer.adipiscing@velitQuisquevarius.net',23,'F','1291 Nullam Street'), ('Nunc.ac.sem@nuncrisusvarius.org',64,'M','P.O. Box 940, 4778 Aliquam Ave'), ('eu@velvulputateeu.net',24,'M','102-4415 Eu Street'), ('nulla.vulputate@lobortisquam.ca',47,'F','693-7183 Cras Avenue'), ('id@nibhAliquam.net',38,'M','697-4722 Conubia Avenue'), ('vestibulum.lorem.sit@milacinia.com',69,'F','Ap #685-3432 Facilisis. Rd.'), ('consequat.nec@ultricies.ca',30,'M','196-5741 Ante Rd.'), ('nisl.Maecenas.malesuada@Etiamvestibulummassa.net',34,'M','7590 Sagittis Av.'), ('elementum.at.egestas@lobortis.net',38,'M','P.O. Box 923, 202 Proin Street'), ('mauris@feugiattelluslorem.com',45,'F','2081 Quam, Street'), ('tristique.pellentesque.tellus@accumsanconvallisante.co.uk',39,'F','8977 Aenean Rd.'), ('Aliquam.nisl@atvelitPellentesque.org',65,'F','Ap #614-7610 Turpis Rd.'), ('sociosqu.ad.litora@Morbi.edu',68,'M','873-2916 Natoque St.'), ('orci.quis@dolorelit.edu',66,'M','Ap #250-2208 Enim, Street'), ('auctor.nunc.nulla@Nunc.co.uk',30,'M','Ap #882-2260 Proin Street'), ('conubia.nostra@sodales.ca',29,'F','Ap #911-8340 Lobortis Av.'), ('est@accumsansed.org',61,'F','P.O. Box 470, 3657 Cras Rd.'), ('per@nequeNullam.edu',44,'M','9787 Consequat, Rd.'), ('eu.nulla.at@velvulputate.ca',18,'M','Ap #446-608 Posuere St.'), ('tellus.Suspendisse.sed@consectetueripsumnunc.com',69,'F','P.O. Box 220, 7074 Tempor Av.'), ('Donec.nibh@interdum.net',41,'F','3619 Libero Street'), ('ipsum@Vivamus.co.uk',49,'F','P.O. Box 959, 5444 Donec St.'), ('urna.Vivamus@mifelis.org',61,'F','P.O. Box 984, 5922 Odio Rd.'), ('pellentesque@laoreetposuere.edu',21,'F','405-4142 Arcu. Rd.'), ('lorem.vehicula@maurissapiencursus.com',23,'F','Ap #723-9206 Orci Road'), ('feugiat@eueleifendnec.co.uk',31,'F','P.O. Box 622, 7662 Turpis Avenue'), ('arcu@nullaante.co.uk',49,'F','849-3107 Auctor St.'), ('dictum.cursus.Nunc@non.edu',32,'M','876-2874 Per Av.'), ('non@in.edu',30,'M','Ap #110-1644 Fringilla St.'), ('Proin.non.massa@Phaselluselit.org',45,'F','P.O. Box 338, 7913 Nulla Rd.'), ('elit.Nulla.facilisi@a.org',26,'M','Ap #350-7800 In Street'), ('ac.eleifend@Suspendisse.net',53,'F','Ap #128-2924 Malesuada Rd.'), ('nisi@Curabiturdictum.ca',34,'M','542-5283 Risus. Rd.'), ('litora.torquent.per@Curabiturmassa.net',19,'F','P.O. Box 438, 4721 Dui, Ave'), ('ullamcorper.nisl@Ut.net',25,'F','Ap #611-2011 At Avenue'), ('vel@volutpat.ca',21,'F','906-4145 Phasellus Avenue'), ('mauris@Nullaegetmetus.org',55,'F','3204 Nunc Av.'), ('tellus.Aenean@sedsapien.org',55,'F','5697 Est, Avenue'), ('Morbi@risusIn.co.uk',59,'F','P.O. Box 568, 8241 Ligula. Av.'), ('Suspendisse.sed.dolor@massa.ca',45,'F','Ap #355-7774 Elit Avenue'), ('Nulla@magna.edu',51,'F','Ap #546-4283 Quam Street'), ('facilisis.magna@perconubia.net',24,'M','Ap #972-8914 Tempor Ave'),('velit.justo.nec@risusIn.ca',37,'F','Ap #479-2193 Egestas. St.'), ('augue.eu.tellus@Maecenasliberoest.co.uk',32,'M','Ap #112-1847 Litora Street'), ('eu@dis.org',19,'F','7434 Felis. St.'), ('non.dapibus.rutrum@estNunc.co.uk',53,'F','699-3285 In St.'), ('diam@estconguea.org',44,'M','P.O. Box 251, 2773 Molestie St.'), ('porttitor.vulputate.posuere@diam.co.uk',26,'M','995-9211 Enim Road'), ('blandit@mi.net',69,'F','Ap #596-8496 Magnis St.'), ('pellentesque@nuncullamcorper.org',30,'M','3553 Elementum Rd.'), ('sed.tortor@ante.net',47,'F','227-3587 Sit Ave'), ('Nullam.suscipit@nonbibendum.org',18,'M','P.O. Box 350, 5992 Dictum. Road'), ('eleifend@Aenean.net',32,'M','P.O. Box 568, 8495 Vel, Rd.'), ('cubilia.Curae.Donec@iderat.co.uk',28,'M','P.O. Box 670, 967 Consectetuer Rd.'), ('Quisque@sitametorci.edu',35,'F','P.O. Box 409, 6232 Senectus Ave'), ('est.vitae@turpis.org',67,'F','P.O. Box 542, 4407 Cubilia Av.'), ('in.cursus@nascetur.org',63,'F','8495 Phasellus Road'), ('molestie@lacinia.com',39,'F','Ap #638-250 Sapien, Street'), ('at@Fusce.edu',18,'M','Ap #425-9729 Mauris St.'), ('Vivamus.nisi@faucibus.org',47,'F','948-1392 Rutrum St.'), ('vitae.dolor.Donec@feugiat.net',30,'M','234-2153 Ullamcorper. Rd.'), ('et@magna.com',19,'F','597 Id, Ave'), ('vel.arcu@Integer.ca',18,'M','145-8357 Ullamcorper St.'), ('vel.faucibus@lobortisquam.net',60,'M','Ap #955-2026 Ut Street'), ('tempor.diam.dictum@disparturient.co.uk',20,'M','Ap #476-3411 Donec St.'), ('lorem.ipsum@molestie.co.uk',61,'F','Ap #243-917 Vivamus St.'), ('mattis.ornare@mattisCras.com',37,'F','8019 Duis St.'), ('malesuada.vel@Nunclaoreet.net',34,'M','P.O. Box 268, 6197 Urna. Rd.'), ('tincidunt@arcuVestibulumut.ca',50,'M','399-2992 Orci. Rd.'), ('euismod.enim.Etiam@Phasellus.co.uk',19,'F','Ap #352-5260 Auctor Street'), ('et.netus@auctorMaurisvel.co.uk',18,'M','8337 Lorem. St.'), ('ac@fermentumrisus.net',48,'M','Ap #745-5210 Sapien, St.'), ('eu@nec.ca',62,'M','Ap #153-1041 Dolor, Road'), ('ac.fermentum@et.co.uk',56,'M','638-4350 Molestie Rd.'), ('Suspendisse.eleifend.Cras@quis.com',39,'F','Ap #482-4207 Nisi Rd.'), ('velit.dui.semper@Curabiturconsequatlectus.net',21,'F','P.O. Box 580, 3818 Magna Rd.'), ('eget@miAliquamgravida.org',35,'F','768-9007 At, Rd.'), ('accumsan@ultriciesornareelit.com',50,'M','8766 In St.'), ('ante@Inscelerisquescelerisque.com',24,'M','P.O. Box 369, 4891 Sed Avenue'), ('nascetur@estmauris.org',18,'M','661-3911 Cras St.'), ('eget@tellusPhaselluselit.edu',40,'M','P.O. Box 358, 7289 Turpis. Rd.'), ('orci@odio.net',44,'M','Ap #460-8298 Magna. St.'), ('erat@aliquet.ca',53,'F','7385 Faucibus. Road'), ('erat.neque.non@condimentumegetvolutpat.com',49,'F','2514 Lacus. Rd.'), ('convallis.erat.eget@Sedpharetra.org',55,'F','722-3238 Metus. Street'), ('Mauris.non.dui@Suspendisse.edu',40,'M','7755 Donec Road'), ('at.pretium@facilisiSedneque.com',47,'F','Ap #540-2209 Malesuada Ave'), ('fringilla.cursus@lectusante.com',51,'F','P.O. Box 535, 2132 Sed Street'), ('netus.et@maurisrhoncusid.ca',36,'M','6584 Cras Street'), ('lacus@felisNulla.edu',23,'F','4321 Donec Road'), ('suscipit.nonummy.Fusce@a.edu',41,'F','P.O. Box 735, 1140 Eros Rd.'), ('fringilla@atortor.ca',27,'F','599-3367 Sit Avenue'), ('nonummy@mattisvelitjusto.ca',39,'F','P.O. Box 196, 4612 Diam. St.'), ('vulputate.ullamcorper.magna@adipiscinglobortis.net',60,'M','344-2636 Nec Ave'), ('eu@non.org',61,'F','Ap #970-7751 Pellentesque Street'), ('blandit.enim.consequat@nonegestas.org',54,'M','4391 Id Ave'), ('hendrerit.neque.In@Quisque.edu',22,'M','669-9518 Nam Rd.'), ('libero.nec@anteMaecenas.edu',43,'F','6682 Sodales Ave'), ('sodales@dolordolortempus.co.uk',51,'F','833-802 Lacinia St.'), ('enim.Suspendisse@dis.co.uk',54,'M','P.O. Box 859, 8006 Blandit Road'), ('nunc@ornareInfaucibus.ca',28,'M','Ap #357-4448 Sodales Av.'), ('In.faucibus@risusquisdiam.com',57,'F','7249 Felis Ave'), ('vestibulum.neque@ategestasa.co.uk',58,'M','P.O. Box 293, 9062 Sem Avenue'),('ullamcorper.viverra@vitaediam.org',28,'M','P.O. Box 369, 9969 Nulla St.'), ('vitae@pretiumaliquet.com',58,'M','8301 Adipiscing Road'), ('sed.hendrerit.a@sapiengravida.net',19,'F','169-1498 Vel, Avenue'), ('molestie.orci@dui.edu',65,'F','Ap #140-5150 Et Ave'), ('cursus@duilectus.com',50,'M','256-1886 Donec Street'), ('adipiscing.enim.mi@rutrummagna.com',58,'M','P.O. Box 283, 8085 Eget Rd.'), ('justo@Aliquamnisl.ca',56,'M','Ap #456-7457 Risus. Rd.'), ('et.magnis.dis@musProinvel.net',68,'M','P.O. Box 993, 5326 Vel Ave'), ('gravida.mauris@et.org',48,'M','2390 Nibh. Ave'), ('iaculis.nec@montesnascetur.net',25,'F','P.O. Box 713, 7013 Ante. St.'), ('convallis.dolor.Quisque@nonluctussit.net',30,'M','Ap #654-8614 Accumsan Avenue'), ('justo@semmollis.edu',53,'F','P.O. Box 468, 4546 Ridiculus Ave'), ('vestibulum@neque.ca',22,'M','4601 Augue, Rd.'), ('eu.odio.tristique@enimgravida.ca',66,'M','P.O. Box 371, 5846 Tortor. St.'), ('accumsan@et.co.uk',24,'M','1168 Egestas. Av.'), ('Maecenas@quamquisdiam.net',26,'M','144-4113 Eu, St.'), ('penatibus.et.magnis@Etiamgravida.org',30,'M','Ap #484-4025 Nullam Street'), ('Cras.eu.tellus@eunequepellentesque.ca',20,'M','480-5624 Elit, Rd.'), ('gravida.non.sollicitudin@tinciduntnibhPhasellus.org',32,'M','1977 Tellus St.'), ('ipsum.primis@mollis.ca',23,'F','Ap #805-3488 Nonummy St.'), ('vel@feugiattelluslorem.org',62,'M','4266 Sapien. St.'), ('posuere@acmattis.co.uk',61,'F','Ap #817-5505 Ut Rd.'), ('at.risus.Nunc@dolordapibus.edu',41,'F','Ap #243-7385 Velit. Road'), ('lorem@risus.ca',60,'M','P.O. Box 515, 5613 Dignissim Road'), ('ac@lobortis.ca',65,'F','P.O. Box 999, 8840 Duis Rd.'), ('Maecenas.malesuada.fringilla@incursuset.com',26,'M','179-4712 Ac Rd.'), ('nunc.risus.varius@orciUt.ca',35,'F','337-1444 Volutpat. Street'), ('ipsum.sodales.purus@Donec.ca',44,'M','861-448 Nullam Ave'), ('vel.arcu.Curabitur@lectus.edu',26,'M','Ap #641-4710 Leo. Av.'), ('tellus.Phasellus.elit@perinceptoshymenaeos.com',18,'M','P.O. Box 891, 951 Dapibus Road'), ('at.arcu@Cumsociisnatoque.ca',55,'F','P.O. Box 807, 2232 Non Avenue'), ('iaculis.enim.sit@adipiscingenim.net',45,'F','Ap #976-1249 A, Rd.'), ('lobortis@Donecnon.com',46,'M','Ap #474-474 Ut, St.'), ('nonummy.Fusce.fermentum@semper.org',38,'M','4292 Fringilla Avenue'), ('Integer.in@lobortis.org',47,'F','8407 In St.'), ('posuere@Maurisnon.co.uk',63,'F','P.O. Box 417, 3719 Semper St.'), ('eros.turpis@justoeu.ca',31,'F','2566 Tempor Street'), ('enim.Suspendisse@nonlacinia.org',46,'M','Ap #144-8394 Pretium St.'), ('Aenean@dignissimpharetraNam.net',39,'F','4447 Accumsan Rd.'), ('ultrices@nectempusmauris.org',30,'M','Ap #795-6587 Arcu Ave'), ('eget.laoreet.posuere@consectetuercursus.org',28,'M','577-6119 Eget Rd.'), ('Donec@Etiam.edu',28,'M','Ap #497-7289 At, Street'), ('condimentum.Donec@Sedmalesuada.ca',30,'M','723-7946 Molestie Av.'), ('ornare@ornarefacilisis.edu',30,'M','172-9408 Tellus Road'), ('a@euismodet.net',53,'F','504-943 Curabitur Street'), ('placerat.augue@etrutrum.com',67,'F','Ap #431-1615 Dictum Avenue'), ('molestie@justosit.net',42,'M','195-5422 Eget, Street'), ('nibh.enim.gravida@et.net',56,'M','984-8827 Nam Rd.'), ('taciti@commodo.edu',49,'F','791-8314 Vel, Rd.'), ('nulla.magna@erat.net',56,'M','141-3957 Magnis Road'), ('elit.erat.vitae@fringillapurusmauris.ca',31,'F','P.O. Box 436, 6364 Donec Road'), ('rhoncus.id.mollis@loremsemperauctor.co.uk',32,'M','P.O. Box 820, 2362 Nullam Street'), ('nunc@tortorat.com',39,'F','526-9319 Dolor. Ave'), ('mus@Integermollis.org',59,'F','358-8419 Nunc Ave'), ('tempus@Maecenas.net',36,'M','5334 Ac Ave'), ('tortor.Integer@arcu.net',66,'M','P.O. Box 565, 787 Magnis Avenue'), ('at@risusNunc.edu',50,'M','911-1278 Aliquam Rd.'), ('semper@enimgravida.edu',54,'M','Ap #364-2798 Nunc Ave'), ('auctor@fringilla.ca',65,'F','Ap #363-4002 Rutrum St.'), ('porta@egetmollislectus.co.uk',39,'F','595-5281 Morbi Rd.'), ('ipsum.ac.mi@Maurisblanditenim.net',28,'M','2611 Phasellus St.'), ('non@imperdietnonvestibulum.ca',26,'M','294-9671 Vestibulum Avenue'), ('Quisque.nonummy.ipsum@ametrisusDonec.org',40,'M','4131 Et Av.'), ('est.arcu.ac@venenatis.org',64,'M','2867 Aenean Road'), ('cursus.in@ultrices.ca',36,'M','P.O. Box 941, 6286 Interdum. Av.'), ('sodales@enimMaurisquis.org',39,'F','Ap #915-1616 Egestas Rd.'), ('enim.commodo.hendrerit@placeratvelitQuisque.ca',42,'M','8752 Nulla Street'), ('tempus@elitCurabitursed.edu',22,'M','P.O. Box 486, 8489 Sem Ave'), ('ultrices@ullamcorperDuis.org',67,'F','359-8701 Eleifend Avenue'), ('Mauris.quis.turpis@maurisipsumporta.co.uk',50,'M','1082 Luctus St.'), ('et.rutrum.non@etcommodo.com',19,'F','P.O. Box 153, 7619 Ipsum Av.'), ('blandit@vulputate.ca',61,'F','P.O. Box 778, 8013 Bibendum. Avenue'), ('nulla@nibh.co.uk',68,'M','Ap #487-792 Donec St.'), ('sit@purus.org',35,'F','Ap #174-6488 Orci. St.'), ('quis.urna@Nullatemporaugue.co.uk',25,'F','473-6074 Mauris Av.'), ('malesuada@orci.edu',68,'M','Ap #539-6711 Quam. Street'), ('convallis.ante.lectus@non.co.uk',32,'M','7905 Metus. St.'), ('nascetur@Naminterdum.ca',26,'M','719-8582 Sit Avenue'), ('varius@turpis.org',24,'M','Ap #366-5504 Luctus Road'), ('inceptos.hymenaeos@sociis.ca',62,'M','P.O. Box 311, 4209 Condimentum. Road'), ('feugiat.metus.sit@Vivamus.net',40,'M','P.O. Box 404, 2093 Parturient St.'), ('Integer@Donec.net',58,'M','8215 Rutrum St.'), ('Suspendisse.sed.dolor@tellus.edu',34,'M','4434 Nullam St.'), ('blandit@odiosemper.co.uk',52,'M','977-4030 Sed, Av.'), ('lobortis.quam@natoque.edu',54,'M','513-891 Cubilia St.'), ('cursus.vestibulum.Mauris@Loremipsum.ca',23,'F','Ap #983-2031 Arcu Rd.'), ('ante.dictum@Quisquetincidunt.org',24,'M','P.O. Box 298, 8284 Facilisis Rd.'), ('dapibus.gravida.Aliquam@tortorInteger.co.uk',34,'M','907-2959 Nec Rd.'), ('quis@blanditviverra.net',51,'F','Ap #100-8283 Aliquet Ave'), ('arcu.Vestibulum@Sedeueros.org',20,'M','Ap #461-3005 Primis Rd.'), ('Duis@musProin.ca',39,'F','Ap #367-1671 Egestas. Avenue'), ('blandit@nascetur.co.uk',52,'M','8226 Praesent Av.'), ('id@ridiculusmusDonec.edu',57,'F','3512 Enim. Street'), ('feugiat@imperdietnonvestibulum.net',47,'F','289-1573 Accumsan Rd.'),('adipiscing@mattis.net',54,'M','Ap #369-9882 Lectus St.'), ('dictum.Proin.eget@liberoProin.co.uk',54,'M','Ap #647-1660 Integer Street'), ('dictum@tristiquesenectuset.org',55,'F','985-3710 Mi Street'), ('ut.cursus.luctus@nisi.org',68,'M','Ap #971-2083 In St.'), ('neque.vitae@Nullam.com',24,'M','976-5218 Dis St.'), ('ultrices.mauris.ipsum@magnaSedeu.com',52,'M','P.O. Box 553, 2642 Augue St.'), ('nisi.Cum@ipsumsodalespurus.edu',69,'F','Ap #951-2224 Facilisis St.'), ('in@sapienCras.co.uk',23,'F','400-2567 Augue Rd.'), ('Donec@loremut.com',68,'M','Ap #411-3471 Imperdiet Road'), ('semper.cursus.Integer@eratEtiam.edu',33,'F','258-7666 Eu St.'), ('Suspendisse@atpretiumaliquet.ca',53,'F','P.O. Box 977, 1312 Pede, Ave'), ('consectetuer@ligula.ca',57,'F','4921 Dictum Av.'), ('enim@luctusCurabitur.net',63,'F','Ap #327-2020 Nunc St.'), ('ut.nisi.a@metus.ca',46,'M','8463 Donec Av.'), ('mauris.rhoncus@magnaa.edu',58,'M','216-8965 Cum Av.'), ('consequat.purus.Maecenas@velit.com',39,'F','343-330 Tellus. Rd.'), ('pede@cursusaenim.net',42,'M','673-7026 Vestibulum Road'), ('auctor.velit.eget@Duis.org',35,'F','151-2079 Dictum Rd.'), ('dui@aliquamenim.co.uk',31,'F','553-9345 Ligula. Avenue'), ('senectus@ornare.com',27,'F','P.O. Box 304, 7956 Convallis Av.'), ('vitae.diam@senectusetnetus.com',56,'M','P.O. Box 149, 9984 Donec Rd.'), ('a.ultricies@Cum.edu',43,'F','Ap #760-2634 Sem Street'), ('Duis.mi.enim@magna.edu',63,'F','219-6859 Eget Road'), ('ultricies.sem.magna@bibendum.ca',61,'F','6666 Sed St.'), ('ac.sem@Proinsed.org',53,'F','492-7607 Nunc Rd.'), ('ullamcorper.viverra.Maecenas@temporaugueac.net',33,'F','P.O. Box 777, 6620 Dui. Rd.'), ('nibh@vulputate.co.uk',68,'M','478-3748 Euismod Avenue'), ('ligula.Aenean.gravida@metus.ca',54,'M','180-7658 Egestas. Ave'), ('pede@luctusCurabituregestas.co.uk',53,'F','9685 Purus St.'), ('Nulla.facilisi@eu.org',18,'M','P.O. Box 644, 2599 Et Ave'), ('sollicitudin.commodo@orci.co.uk',53,'F','P.O. Box 338, 7334 Metus. Rd.'), ('dolor@lobortisultrices.com',61,'F','1725 Nulla St.'), ('a.nunc.In@Aliquam.edu',58,'M','9882 Euismod Rd.'), ('ornare@non.co.uk',18,'M','222-5294 Nunc Av.'), ('Etiam@quis.org',24,'M','P.O. Box 584, 8799 Enim St.'), ('Mauris.non.dui@vel.net',27,'F','P.O. Box 724, 9156 Sodales. St.'), ('Ut.tincidunt@lobortisquis.ca',60,'M','4829 Mus. Street'), ('ipsum@feugiat.org',33,'F','P.O. Box 111, 8052 Suspendisse Street'), ('placerat.velit.Quisque@Integerid.co.uk',50,'M','866-5371 Diam. Rd.'), ('tellus.imperdiet@odioPhasellus.co.uk',56,'M','4949 At Road'), ('nisi@Namporttitorscelerisque.org',54,'M','2565 Mauris Ave'), ('urna@infelis.net',55,'F','685-7660 Dolor. Road'), ('Quisque.ornare@Namconsequatdolor.org',60,'M','773-9237 Magna. Avenue'), ('malesuada.augue.ut@parturientmontesnascetur.co.uk',40,'M','244-815 Lacinia Rd.'), ('orci@elitpharetra.edu',23,'F','P.O. Box 749, 876 Nunc Rd.'), ('pede.blandit.congue@scelerisque.org',51,'F','480-4209 Aliquam, Ave'), ('Suspendisse.tristique@dapibus.ca',67,'F','554-3719 Lectus. Street'), ('id.enim@id.com',35,'F','P.O. Box 987, 5945 Venenatis Avenue'), ('vel.sapien.imperdiet@tinciduntDonec.com',61,'F','P.O. Box 222, 4529 Eget Rd.'), ('sit.amet.faucibus@ornarelectus.com',51,'F','667-172 Egestas Rd.'), ('eget.venenatis.a@arcuAliquamultrices.com',25,'F','Ap #890-2258 Parturient Rd.'), ('imperdiet.erat.nonummy@cursus.co.uk',50,'M','P.O. Box 849, 7816 Iaculis Road'), ('sodales.elit@dolorQuisquetincidunt.com',18,'M','P.O. Box 769, 5753 Maecenas Street'), ('Proin.vel.arcu@dictumultricies.org',43,'F','P.O. Box 537, 5815 Felis Av.'), ('a.ultricies.adipiscing@vitaepurusgravida.co.uk',19,'F','723-2789 Malesuada. St.'), ('risus.Morbi.metus@dictumcursus.net',62,'M','6891 Iaculis, Rd.'), ('id.libero@diameudolor.co.uk',48,'M','9499 Nec, Rd.'), ('elit.pharetra.ut@aaliquet.net',63,'F','Ap #180-3190 Tellus Rd.'), ('et.pede@liberolacusvarius.net',20,'M','163 Dictum Avenue'), ('ante.Maecenas@In.org',43,'F','4963 Vitae Street'), ('pede@metusVivamus.com',55,'F','P.O. Box 769, 8676 Pede, St.'), ('tortor.dictum.eu@amet.co.uk',42,'M','Ap #177-8296 In, St.'), ('sollicitudin.a@Nunc.org',55,'F','632-9107 Arcu Av.'), ('Quisque@eutellusPhasellus.org',60,'M','6111 Quisque Road'), ('facilisis.magna.tellus@Seddictum.org',48,'M','Ap #600-7888 Vulputate Ave'), ('in.tempus.eu@ornare.ca',47,'F','616-5638 Tristique Street'), ('Ut.semper@euplacerat.org',68,'M','6547 Risus. St.'), ('elit.sed@sagittisDuisgravida.ca',51,'F','4937 Proin Av.'), ('blandit.Nam@odio.com',60,'M','864-9688 Ante St.'), ('magna@liberoettristique.net',27,'F','326-9163 Nibh Road'), ('per.inceptos@purusac.ca',22,'M','9745 Lacus. Street'), ('tellus@fringillaeuismod.co.uk',33,'F','732-1649 Faucibus. St.'), ('nulla.Integer.urna@ligulaAenean.net',37,'F','514 Eu, Avenue'), ('eget.tincidunt@etmagnis.edu',49,'F','Ap #611-7008 Tempus Ave'), ('mauris@magnamalesuada.com',64,'M','3415 Pede. Rd.'), ('scelerisque@liberoProinsed.org',40,'M','Ap #992-7987 Nullam St.'), ('auctor.odio@mollislectus.edu',29,'F','P.O. Box 868, 8352 Nisl St.'), ('accumsan.neque.et@ullamcorper.org',53,'F','P.O. Box 998, 2833 Erat Rd.'), ('neque.pellentesque.massa@tempordiamdictum.ca',27,'F','Ap #538-7060 Ipsum. Rd.'), ('euismod.et@magnaSedeu.co.uk',46,'M','872-6276 Massa Rd.'), ('in.lobortis.tellus@dictumeu.net',35,'F','128-4585 Posuere, Ave'), ('mi.Duis.risus@rhoncus.org',41,'F','677-982 Dolor Rd.'), ('consectetuer.adipiscing.elit@sitametornare.net',57,'F','P.O. Box 492, 8109 Dictum St.'), ('cursus.Integer@egetmetuseu.co.uk',57,'F','Ap #289-9226 Et, Road'), ('in.consectetuer.ipsum@justositamet.org',23,'F','567-2614 Augue. St.'), ('sed.leo.Cras@Aeneaneget.co.uk',59,'F','726-7303 Vitae, Rd.'), ('feugiat@tinciduntadipiscing.org',31,'F','Ap #107-6971 In St.'), ('Fusce.dolor@atpedeCras.ca',19,'F','3337 Velit. St.'), ('Nunc@est.edu',67,'F','P.O. Box 657, 6902 Sed Ave'), ('ipsum@Quisqueimperdiet.org',63,'F','P.O. Box 555, 5543 Egestas Avenue'), ('dolor.Quisque@bibendumullamcorper.org',29,'F','Ap #665-3697 Pretium St.'), ('mollis.nec@sollicitudinorci.com',64,'M','Ap #210-2255 Egestas. Rd.'), ('dui@magnaCrasconvallis.net',25,'F','557-1760 Mi, Road'), ('amet@augueid.ca',27,'F','222-7080 Molestie Road'), ('adipiscing.non.luctus@hendreritDonec.ca',34,'M','P.O. Box 601, 2529 Lacinia Road'), ('Integer.mollis.Integer@enimEtiam.co.uk',31,'F','Ap #916-4564 Sed Av.'), ('Mauris@ipsumprimis.ca',53,'F','Ap #730-5198 Semper Street'), ('libero.nec.ligula@nibh.edu',30,'M','Ap #374-7047 Suspendisse Street'), ('vehicula@nullaIntegerurna.co.uk',40,'M','874-7878 Rutrum Road'), ('elit.fermentum@vitaenibhDonec.co.uk',40,'M','5550 Aenean Rd.'), ('posuere@velitdui.co.uk',39,'F','P.O. Box 574, 1205 Neque Road'), ('dictum.Phasellus@Vivamuseuismod.org',49,'F','630-4126 Tincidunt, Rd.'), ('nisl.Maecenas.malesuada@aliquetvelvulputate.edu',52,'M','3632 Sed St.'), ('nascetur@perinceptos.ca',42,'M','1262 Tempus, Rd.'), ('sed.pede.nec@sem.co.uk',42,'M','4056 Interdum. Av.'), ('quis@Maecenasmalesuada.ca',30,'M','7423 Leo. Av.'), ('et.eros.Proin@tellusnonmagna.com',18,'M','Ap #553-2415 Mauris, Av.'), ('tristique.senectus.et@urnaconvalliserat.ca',65,'F','623-5228 Arcu. Av.'), ('hendrerit@sodales.co.uk',22,'M','188-7960 Mi, Av.'), ('sapien.gravida.non@aliquetmetus.org',49,'F','P.O. Box 285, 9667 Diam Avenue'), ('cursus@porttitor.co.uk',25,'F','P.O. Box 226, 7664 Mauris, St.'), ('sollicitudin.orci@augue.edu',21,'F','3109 Magna. St.'), ('enim.Curabitur.massa@nonquam.org',18,'M','P.O. Box 479, 2725 Pede. Street'), ('consequat.dolor.vitae@dui.co.uk',49,'F','824 Eu Avenue'), ('metus.Aenean.sed@Vivamus.org',67,'F','Ap #928-7441 Sed, Av.'), ('Fusce.mollis.Duis@Vivamusmolestie.com',37,'F','P.O. Box 191, 9885 Risus. Ave'), ('sagittis.lobortis.mauris@ligula.co.uk',37,'F','9998 Commodo St.'), ('diam.dictum.sapien@Nullamscelerisque.net',33,'F','Ap #638-124 Odio, Rd.'), ('risus@metusIn.edu',49,'F','P.O. Box 478, 5525 Faucibus. St.'), ('fermentum.metus.Aenean@lectusjustoeu.ca',33,'F','P.O. Box 438, 9091 Arcu Ave'), ('felis.adipiscing.fringilla@Uttinciduntorci.org',50,'M','Ap #183-5373 Sed Av.'), ('congue.a@blanditat.co.uk',66,'M','8628 Nullam Rd.'), ('egestas.Sed.pharetra@in.edu',38,'M','Ap #557-5029 Turpis St.'), ('non@semsempererat.org',49,'F','174-5520 Eleifend Rd.'), ('tincidunt.tempus@arcuvel.org',42,'M','Ap #254-3331 Varius Road'), ('velit@nectempus.net',34,'M','Ap #918-879 Est St.'), ('nisi.sem@Aliquam.net',58,'M','5562 Donec Avenue'), ('magna.Ut.tincidunt@arcuVestibulum.co.uk',27,'F','1828 Mollis. St.'), ('risus.Quisque.libero@sitametdiam.net',25,'F','Ap #371-8230 Etiam Rd.'), ('tellus@arcu.ca',18,'M','455-6526 Consequat, Street'), ('vitae@Aliquam.net',18,'M','5148 In Ave'), ('Proin.dolor.Nulla@ac.net',54,'M','P.O. Box 566, 4369 Nec Rd.'), ('libero.at@atnisi.net',64,'M','356-3084 Vel Street'), ('dolor.quam.elementum@Phasellusdapibus.ca',39,'F','887-5331 Facilisis St.'), ('sem@est.com',67,'F','P.O. Box 411, 419 Pellentesque Rd.'), ('egestas.ligula.Nullam@Donec.co.uk',22,'M','Ap #980-9354 Dui, Street'), ('vitae.orci@faucibusMorbivehicula.co.uk',44,'M','P.O. Box 495, 1184 Pellentesque St.'), ('consectetuer@justoProin.org',31,'F','P.O. Box 878, 1798 Vehicula St.'), ('lacinia.at.iaculis@nequeseddictum.ca',63,'F','1211 Vitae Road'), ('egestas.hendrerit.neque@semper.co.uk',34,'M','P.O. Box 923, 7262 Netus Avenue'), ('lobortis.quam.a@adipiscing.org',32,'M','Ap #534-3627 Pede, St.'), ('dictum@velitjustonec.co.uk',60,'M','976-3599 In St.'), ('penatibus@feugiat.org',34,'M','287-8710 Nunc St.'), ('vitae.purus.gravida@Maurisblanditenim.ca',25,'F','Ap #163-7777 Justo St.'), ('vulputate@Donecconsectetuermauris.co.uk',40,'M','454-1662 Proin St.'), ('amet.ante@sem.co.uk',41,'F','1467 Maecenas St.'), ('In.scelerisque.scelerisque@sitametconsectetuer.org',32,'M','888-4495 Pellentesque St.'), ('Donec.egestas@nec.com',69,'F','8672 Vulputate St.'), ('Mauris.vel.turpis@augue.com',56,'M','7604 Quam Rd.'), ('per@elementumsemvitae.co.uk',26,'M','366-2865 A Avenue'), ('ridiculus.mus@velsapienimperdiet.ca',61,'F','146-1825 Cursus St.'), ('nunc@ipsumleoelementum.ca',39,'F','P.O. Box 134, 4603 Arcu. Street'), ('In.mi@tempusmauriserat.co.uk',44,'M','740-4920 At, Rd.'), ('ligula.Nullam.enim@Nunc.co.uk',45,'F','Ap #605-8070 Pulvinar St.'), ('dui@loremeget.co.uk',58,'M','790-1731 Vel St.'), ('faucibus.lectus.a@ipsumprimis.co.uk',45,'F','P.O. Box 969, 6906 Blandit. Av.'), ('amet.risus.Donec@ultriciesdignissimlacus.edu',47,'F','Ap #799-8759 Est. St.'), ('ipsum.nunc.id@CurabiturdictumPhasellus.net',40,'M','P.O. Box 200, 6189 Nunc Road'), ('Fusce@commodohendreritDonec.co.uk',26,'M','955-6133 Rutrum St.');
INSERT INTO Pizaria.Cliente (email,idade,genero,morada) VALUES ('malesuada.vel.convallis@enimconsequat.org',38,'M','Ap #442-6580 Sed Avenue'), ('ultrices@Pellentesquehabitant.com',50,'M','P.O. Box 331, 2650 Sagittis Av.'), ('vel.nisl@turpisnon.org',68,'M','1325 Ridiculus St.'), ('sed@idnuncinterdum.net',57,'F','9791 Convallis Road'), ('cubilia@porttitor.org',35,'F','P.O. Box 423, 4531 Malesuada Rd.'), ('lorem.ipsum@libero.org',52,'M','2603 Risus. Road'), ('lorem.eu.metus@malesuadaIntegerid.edu',43,'F','Ap #558-7815 Vel, Avenue'), ('libero.mauris.aliquam@hendrerita.net',27,'F','P.O. Box 608, 8482 Nibh Ave'), ('commodo@ac.net',58,'M','152-7146 Nunc. Av.'), ('Cum.sociis.natoque@etlibero.co.uk',24,'M','P.O. Box 697, 736 Donec Street'), ('Aenean@orcilobortisaugue.com',23,'F','3032 Vivamus Road'), ('fermentum.vel@nisiCum.edu',67,'F','P.O. Box 576, 5041 Velit. Street'), ('vel@Cum.com',62,'M','P.O. Box 857, 8968 Eleifend St.'), ('Ut.tincidunt.orci@nuncullamcorpereu.com',54,'M','124-5363 Vivamus St.'), ('felis@vulputatenisi.ca',20,'M','P.O. Box 668, 1947 Mauris Rd.'), ('ut.ipsum.ac@famesacturpis.ca',20,'M','553-2214 Arcu Avenue'), ('mus.Aenean@Cras.ca',18,'M','1890 A, Rd.'), ('Duis@magna.co.uk',59,'F','Ap #798-2904 Lectus St.'), ('elit.dictum@hymenaeos.ca',22,'M','P.O. Box 787, 2398 Justo. Ave'), ('egestas.Fusce@adlitora.net',52,'M','Ap #405-9819 Fusce Road'), ('Vivamus@vitaesemperegestas.net',68,'M','2180 Enim. Rd.'), ('lacinia.Sed@Nam.co.uk',37,'F','5273 Diam. St.'), ('dictum@mollisnoncursus.co.uk',51,'F','459-9250 Orci. St.'), ('sapien@euduiCum.com',63,'F','P.O. Box 852, 9375 Diam Av.'), ('Quisque.porttitor@egestashendreritneque.org',66,'M','2176 Vestibulum. Rd.'), ('Nulla.eu.neque@Loremipsum.org',58,'M','790-7148 Metus Avenue'), ('odio.Aliquam.vulputate@duiSuspendisse.net',63,'F','P.O. Box 904, 6281 Neque Street'), ('a@commodo.com',24,'M','Ap #437-8964 Non, St.'), ('vitae.velit@turpisnecmauris.net',35,'F','6665 Sapien. Street'), ('nec@egetmetus.com',42,'M','8608 Fringilla Rd.'), ('nec.tellus@condimentumDonecat.co.uk',53,'F','Ap #133-3186 Mollis. Ave'), ('dictum.ultricies.ligula@atlibero.ca',58,'M','540-9934 Nulla Av.'), ('Aliquam@velesttempor.com',56,'M','P.O. Box 488, 7721 Turpis St.'), ('enim@eratvitaerisus.ca',27,'F','Ap #304-9507 Ut Av.'), ('neque.sed@neceuismod.net',56,'M','P.O. Box 515, 8645 At St.'), ('massa.rutrum.magna@nonarcu.org',65,'F','625-8867 Justo. Rd.'), ('pede.ultrices.a@molestiesodalesMauris.co.uk',60,'M','7540 Mattis Road'), ('vulputate.nisi.sem@lectusCum.edu',44,'M','Ap #203-1787 Cras Rd.'), ('arcu@tempusrisus.co.uk',63,'F','Ap #992-9669 Fermentum Avenue'), ('Fusce.mi.lorem@sit.ca',58,'M','5238 Faucibus Av.'), ('dictum@egetnisidictum.co.uk',47,'F','P.O. Box 194, 4089 Vel Road'), ('lectus.ante@tristiquesenectus.edu',27,'F','480-9215 Etiam Avenue'), ('risus.odio.auctor@ultrices.co.uk',68,'M','768 Ante St.'), ('cursus.et@eleifendegestas.co.uk',32,'M','Ap #840-6389 Pellentesque St.'), ('libero@congueturpisIn.ca',21,'F','559-7266 Erat St.'), ('amet.risus@nibhPhasellus.edu',49,'F','Ap #417-5691 Eros Av.'), ('et.euismod.et@Donecest.org',36,'M','898-4089 Aliquam Rd.'), ('imperdiet.ornare@velmaurisInteger.ca',59,'F','747 Mollis. Av.'), ('est.congue@Integer.co.uk',61,'F','Ap #846-8139 Phasellus Rd.'), ('lorem.fringilla@sagittis.ca',37,'F','9477 Sit Ave'), ('risus@venenatislacus.co.uk',48,'M','5273 Risus. Street'), ('litora@lacuspedesagittis.com',31,'F','117-1476 Fusce Road'), ('pede.nec@loremeu.org',60,'M','533-7516 Non Av.'), ('imperdiet.erat@interdum.co.uk',47,'F','Ap #925-5110 Convallis Rd.'), ('Suspendisse.commodo.tincidunt@mollis.net',58,'M','2362 Quisque Ave'), ('consequat@pedeacurna.com',45,'F','Ap #573-6145 Eu, St.'), ('tempor.est@purus.org',57,'F','817-6490 Dui. Av.'), ('non@metusvitaevelit.com',48,'M','301-7141 Odio. Rd.'), ('nisi.Cum.sociis@tristique.net',42,'M','P.O. Box 244, 100 Dictum St.'), ('malesuada.Integer.id@magna.co.uk',51,'F','Ap #526-9237 Parturient St.'), ('Aliquam@magnaPraesent.co.uk',20,'M','9893 Ante. Ave'), ('semper.dui.lectus@blanditcongueIn.org',34,'M','P.O. Box 973, 7389 Phasellus St.'), ('urna.justo@pharetraNam.co.uk',50,'M','345-3503 Ornare, St.'), ('ante.bibendum.ullamcorper@dictumauguemalesuada.co.uk',62,'M','877-9804 Nulla St.'), ('cubilia.Curae@ipsumdolor.edu',49,'F','P.O. Box 177, 5558 Nulla Rd.'), ('eget.ipsum@dolor.edu',31,'F','P.O. Box 339, 9590 A Rd.'), ('turpis@aliquet.ca',29,'F','7591 Mollis Road'), ('Aliquam@nibhsit.com',36,'M','445-4614 Enim, Rd.'), ('interdum@lacuspedesagittis.edu',20,'M','798-4685 Sit Rd.'), ('nonummy.Fusce.fermentum@porttitorinterdum.co.uk',23,'F','Ap #914-1684 Vivamus Rd.'), ('Duis@ornare.com',24,'M','P.O. Box 330, 8450 Et Rd.'), ('neque.et.nunc@penatibusetmagnis.ca',33,'F','5810 Pede Street'), ('tempor@gravida.net',68,'M','P.O. Box 418, 6999 Laoreet St.'), ('Suspendisse.non.leo@risusDonecegestas.ca',45,'F','P.O. Box 493, 872 Lectus Rd.'), ('enim.Curabitur.massa@commodo.com',24,'M','3339 Pellentesque St.'), ('justo.Proin.non@venenatisa.co.uk',30,'M','P.O. Box 690, 3834 Nec St.'), ('at.libero.Morbi@sitamet.co.uk',18,'M','P.O. Box 708, 5556 Nunc Road'), ('eget.varius@justoProinnon.com',65,'F','P.O. Box 252, 2382 Risus Ave'), ('ridiculus.mus.Proin@tellusSuspendissesed.com',18,'M','Ap #297-1254 Viverra. St.'), ('consectetuer.cursus.et@vulputatemauris.org',44,'M','P.O. Box 819, 792 A, St.'), ('gravida@Phasellusdolor.ca',27,'F','540-3107 Lacus Ave'), ('Donec.egestas@at.org',63,'F','7760 Mauris, Ave'), ('neque.vitae@lorem.edu',40,'M','P.O. Box 472, 4926 Orci Rd.'), ('non.lacinia@in.org',51,'F','P.O. Box 920, 1899 Eget, Rd.'), ('natoque.penatibus@viverra.edu',41,'F','Ap #340-5222 Mi Road'), ('et.magnis.dis@Fuscedolorquam.ca',26,'M','P.O. Box 529, 5366 Ac Ave'), ('Donec.nibh.Quisque@id.co.uk',22,'M','8337 Amet Road'), ('nibh@semutcursus.co.uk',42,'M','P.O. Box 487, 4499 Cum St.'), ('ut@dolor.edu',62,'M','P.O. Box 973, 6017 Erat St.'), ('ipsum.Curabitur.consequat@tincidunttempusrisus.ca',67,'F','P.O. Box 309, 7181 Commodo St.'), ('aliquet@Suspendisse.ca',55,'F','P.O. Box 581, 1063 In, Avenue'), ('enim.Mauris@viverraDonec.co.uk',39,'F','Ap #515-7034 Sociis Street'), ('mollis.lectus.pede@Crasegetnisi.net',50,'M','P.O. Box 731, 5523 Quisque St.'), ('nonummy.ultricies.ornare@turpis.org',22,'M','Ap #260-7559 Ut Rd.'), ('Fusce.aliquet@diamluctus.edu',22,'M','Ap #371-4096 Amet, St.'), ('Cras.eu@facilisis.co.uk',30,'M','6013 Sem Avenue'), ('Lorem.ipsum@lobortis.edu',48,'M','8826 Interdum. Street'), ('lectus@nec.edu',22,'M','Ap #885-3027 Quam St.'), ('Nam@afacilisis.com',63,'F','P.O. Box 631, 8872 Non St.'), ('risus.Morbi.metus@felis.ca',46,'M','P.O. Box 259, 8530 Urna. Ave'), ('egestas@Duis.co.uk',19,'F','P.O. Box 898, 4709 Nunc St.'), ('aliquam@Craspellentesque.net',23,'F','P.O. Box 634, 2661 Arcu Av.'), ('et.rutrum.eu@aliquetlibero.ca',35,'F','433-9361 Vitae, Road'), ('arcu.Vestibulum.ante@blanditatnisi.edu',34,'M','365-4677 Tincidunt Rd.'), ('eu@nuncQuisque.org',19,'F','7867 Egestas Rd.'), ('mattis.ornare.lectus@luctusutpellentesque.org',65,'F','P.O. Box 251, 9101 Et St.'), ('metus@Donecvitae.net',68,'M','P.O. Box 504, 1653 Scelerisque, Ave'), ('lorem@natoquepenatibus.net',39,'F','713-9282 Turpis. Rd.'), ('bibendum.sed@dolorsitamet.co.uk',38,'M','Ap #702-6288 Vitae Rd.'), ('neque@duiinsodales.edu',20,'M','Ap #295-4586 Vitae, Rd.'), ('quis@ornare.edu',48,'M','7279 Gravida. St.'), ('elit@metusfacilisis.org',37,'F','2812 Sit St.'), ('quis.diam.luctus@nunc.net',48,'M','8464 Nisl. Rd.'), ('semper.cursus@pellentesqueeget.ca',69,'F','4786 Fringilla. Rd.'), ('eleifend.non@ullamcorpereu.co.uk',33,'F','5002 Felis Avenue'), ('quam.a@dolordolortempus.ca',52,'M','3771 Non Avenue'), ('malesuada@mattis.edu',58,'M','709-8723 Mi Road'), ('et.magnis@ametultriciessem.com',21,'F','P.O. Box 849, 1169 Integer Road'), ('tempor@faucibusMorbi.net',64,'M','P.O. Box 218, 6206 Lorem Rd.'), ('adipiscing.elit@lacusMaurisnon.net',35,'F','1979 Arcu. Av.'), ('euismod.mauris@vulputate.ca',39,'F','7970 Enim, Av.'), ('amet.consectetuer.adipiscing@nibhsitamet.org',66,'M','6162 Lorem Ave'), ('sit.amet@odiosagittissemper.net',68,'M','452-2765 Augue. Av.'), ('per.inceptos@aauctor.co.uk',23,'F','3763 Aliquet Road'), ('Duis.a@interdum.co.uk',68,'M','P.O. Box 607, 5003 Non, Avenue'), ('tempor.erat@pedeNuncsed.net',19,'F','Ap #513-7775 Aliquet Ave'), ('interdum.Nunc.sollicitudin@euneque.co.uk',68,'M','Ap #775-9404 Sem. Ave'), ('varius.orci.in@risus.co.uk',64,'M','5619 Adipiscing Av.'), ('lorem.auctor@luctusetultrices.edu',61,'F','632-143 Mauris St.'), ('nec.mollis.vitae@accumsaninterdum.ca',20,'M','7921 Nec St.'), ('vitae.sodales@tellus.org',43,'F','225-9182 Morbi Avenue'), ('quis@Sed.ca',38,'M','9060 Interdum Road'), ('magna.malesuada@Nulla.ca',39,'F','1395 Mus. Road'), ('ullamcorper.nisl.arcu@lectussit.org',36,'M','Ap #915-7204 Augue. Street'), ('placerat@auctorodio.edu',49,'F','4377 Sed Rd.'), ('eu@purus.net',53,'F','P.O. Box 383, 3619 Nisl. Rd.'), ('tempus.lorem.fringilla@imperdietnon.co.uk',44,'M','6179 Suspendisse St.'), ('tempus.eu@turpisegestasAliquam.co.uk',26,'M','421-3649 Ac Ave'), ('natoque.penatibus@nectempus.co.uk',37,'F','P.O. Box 664, 5966 Cum Rd.'), ('a.magna.Lorem@quis.co.uk',48,'M','8221 Dictum Av.'), ('orci.Phasellus.dapibus@lorem.org',48,'M','Ap #846-4705 Donec Avenue'), ('cursus.a.enim@eros.ca',23,'F','Ap #523-1157 Ipsum St.'), ('imperdiet@cursusNuncmauris.ca',33,'F','Ap #781-8232 Porttitor St.'), ('luctus.et.ultrices@turpisvitaepurus.com',45,'F','P.O. Box 182, 6790 Odio Rd.'), ('vel.lectus@Craseget.com',34,'M','9132 Vestibulum Avenue'), ('ornare.elit.elit@ligula.ca',22,'M','515-5468 Aenean St.'), ('ac.risus.Morbi@lacusMauris.com',69,'F','Ap #400-1246 At Ave'), ('semper@Phasellusfermentum.net',69,'F','Ap #571-9616 Ac Rd.'), ('mi.fringilla.mi@et.net',36,'M','Ap #478-8610 Aliquam Rd.'), ('condimentum.Donec@anunc.net',46,'M','P.O. Box 922, 9846 Donec Av.'), ('ante@mollis.edu',18,'M','830 Lacus Rd.'), ('ipsum.Curabitur@risus.net',37,'F','532-5531 Mauris. St.'), ('a.tortor.Nunc@penatibus.co.uk',30,'M','769-5148 At, St.'), ('sem.semper.erat@NulladignissimMaecenas.co.uk',39,'F','P.O. Box 587, 907 Aliquam Avenue'), ('nibh@neque.net',40,'M','3869 Purus Avenue'), ('facilisis@convalliserateget.net',37,'F','P.O. Box 462, 4419 Non, Ave'), ('magna@ametconsectetuer.org',60,'M','P.O. Box 993, 6780 Fringilla Ave'), ('conubia@eratvolutpatNulla.edu',36,'M','Ap #608-5176 Vitae, St.'), ('ut.sem@dictum.com',65,'F','715-7967 Justo Street'), ('nisl.Quisque@at.ca',26,'M','Ap #838-8973 A Rd.'), ('Etiam.imperdiet@liberoMorbi.edu',64,'M','Ap #738-718 At, Av.'), ('feugiat.non.lobortis@velitQuisque.org',65,'F','558-7391 Posuere St.'), ('dignissim.lacus.Aliquam@quislectus.com',60,'M','105-8740 Dui. Road'), ('nec@Praesenteudui.ca',49,'F','762-5168 Fringilla St.'), ('nulla@lobortisauguescelerisque.net',50,'M','524-2131 Integer St.'), ('dui.nec.tempus@necquamCurabitur.co.uk',66,'M','Ap #581-5562 Eleifend. Avenue'), ('faucibus.leo.in@Morbimetus.com',42,'M','P.O. Box 707, 1022 Nullam Street'), ('ullamcorper.Duis.cursus@dolorFuscefeugiat.edu',63,'F','P.O. Box 149, 5172 Erat. Street'), ('gravida.Praesent@nuncQuisqueornare.co.uk',63,'F','P.O. Box 680, 9273 Tempor Street'), ('in@etmagna.ca',30,'M','208-3681 Sed Road'), ('at@adipiscinglacusUt.net',61,'F','9128 Ligula St.');


INSERT INTO Pizaria.Desconto (codigo,percentagem,inicio,fim) VALUES (1,20,'2020-06-10','2020-11-20'),(2,5,'2019-10-07','2020-10-19'),(3,10,'2019-09-11','2020-04-09'),(4,10,'2020-05-31','2021-01-12'),(5,50,'2020-05-21','2020-01-28'),(6,20,'2020-08-20','2019-11-29'),(7,10,'2020-08-15','2020-08-20'),(8,5,'2020-05-15','2020-07-09'),(9,20,'2020-02-22','2020-06-18'),(10,5,'2019-07-18','2020-12-21'),(11,50,'2020-06-15','2020-07-06'),(12,10,'2020-02-19','2019-12-08'),(13,5,'2019-10-31','2020-03-04'),(14,50,'2020-07-04','2020-11-02'),(15,50,'2020-02-29','2020-10-08'),(16,20,'2019-06-09','2019-10-18'),(17,20,'2019-08-24','2020-01-12'),(18,20,'2019-10-13','2019-09-23'),(19,10,'2020-01-11','2019-11-07'),(20,10,'2020-04-17','2019-12-04'),(21,20,'2020-01-02','2020-02-07'),(22,50,'2020-08-20','2020-10-20'),(23,5,'2020-04-11','2020-03-30'),(24,20,'2020-05-14','2020-03-18'),(25,20,'2019-09-18','2020-01-12'),(26,5,'2019-06-09','2019-09-01'),(27,20,'2020-01-18','2019-12-11'),(28,50,'2020-08-29','2020-01-30'),(29,50,'2019-08-02','2020-03-07'),(30,5,'2019-08-07','2019-12-06'),(31,10,'2020-07-02','2020-02-07'),(32,50,'2020-07-10','2020-07-06'),(33,10,'2019-07-20','2019-11-10'),(34,5,'2020-02-10','2020-09-17'),(35,10,'2019-05-20','2019-11-04'),(36,50,'2020-01-16','2019-10-23'),(37,50,'2019-04-27','2019-12-03'),(38,10,'2020-07-30','2019-10-23'),(39,20,'2020-08-20','2020-05-14'),(40,5,'2019-08-17','2020-06-30'),(41,50,'2020-03-24','2020-04-19'),(42,5,'2019-09-09','2019-12-08'),(43,5,'2019-05-08','2019-12-06'),(44,10,'2019-07-22','2020-12-23'),(45,50,'2019-07-25','2020-03-29'),(46,20,'2019-07-17','2020-06-06'),(47,50,'2019-12-01','2019-10-27'),(48,50,'2020-01-03','2019-12-02'),(49,5,'2020-03-10','2019-11-28'),(50,20,'2020-06-27','2020-02-25'),(51,50,'2020-04-15','2020-08-03'),(52,5,'2019-08-16','2020-11-12'),(53,10,'2020-02-23','2020-08-29'),(54,10,'2020-06-13','2020-07-16'),(55,5,'2019-12-30','2020-06-26'),(56,20,'2020-05-15','2019-11-12'),(57,10,'2020-03-07','2020-11-05'),(58,50,'2020-05-03','2020-01-01'),(59,5,'2019-06-25','2020-03-08'),(60,10,'2019-08-16','2019-10-25'),(61,5,'2019-08-16','2020-09-21'),(62,5,'2020-03-23','2020-12-23'),(63,20,'2019-11-04','2020-07-07'),(64,5,'2019-08-11','2020-02-06'),(65,5,'2019-10-23','2019-09-28'),(66,20,'2020-02-17','2019-10-09'),(67,50,'2020-08-15','2020-03-17'),(68,50,'2020-02-25','2020-05-06'),(69,5,'2020-04-15','2021-01-17'),(70,20,'2019-05-18','2020-05-09'),(71,10,'2019-05-30','2020-02-14'),(72,5,'2020-05-11','2020-07-08'),(73,50,'2019-08-02','2021-01-28'),(74,5,'2019-08-23','2020-09-24'),(75,20,'2020-07-24','2019-10-28'),(76,10,'2019-05-18','2019-11-29'),(77,5,'2020-06-06','2020-06-19'),(78,20,'2019-08-15','2019-09-16'),(79,5,'2019-08-23','2020-04-15'),(80,10,'2019-08-07','2020-06-28'),(81,5,'2019-05-21','2020-09-03'),(82,50,'2020-04-19','2020-06-06'),(83,50,'2019-12-01','2020-05-27'),(84,20,'2020-08-07','2020-03-14'),(85,20,'2019-11-05','2019-11-17'),(86,50,'2019-10-30','2020-11-20'),(87,20,'2019-07-06','2020-03-01'),(88,20,'2020-04-07','2020-05-16'),(89,10,'2019-08-29','2021-01-28'),(90,50,'2020-08-21','2020-05-03'),(91,50,'2019-12-01','2020-04-26'),(92,10,'2020-05-01','2020-01-16'),(93,20,'2020-05-22','2020-05-27'),(94,50,'2020-03-03','2020-03-23'),(95,20,'2020-02-16','2020-07-05'),(96,5,'2020-08-12','2020-05-01'),(97,50,'2020-03-09','2019-12-16'),(98,50,'2019-10-23','2020-08-24'),(99,5,'2020-01-01','2020-10-17'),(100,5,'2020-01-24','2020-05-01');
INSERT INTO Pizaria.Desconto (codigo,percentagem,inicio,fim) VALUES (101,10,'2019-05-05','2020-05-02'),(102,5,'2020-01-10','2019-09-22'),(103,5,'2020-05-31','2019-11-20'),(104,20,'2020-05-14','2019-12-24'),(105,50,'2020-05-30','2020-01-29'),(106,10,'2020-03-28','2021-01-07'),(107,20,'2020-04-08','2019-09-07'),(108,50,'2020-06-14','2020-02-08'),(109,10,'2020-06-23','2020-01-14'),(110,10,'2019-10-09','2021-01-25'),(111,50,'2020-08-22','2020-10-30'),(112,5,'2019-04-30','2020-05-30'),(113,20,'2019-10-17','2021-01-14'),(114,50,'2020-01-28','2020-08-25'),(115,5,'2019-10-11','2019-12-02'),(116,5,'2020-01-21','2019-10-12'),(117,20,'2019-05-02','2020-01-23'),(118,10,'2019-08-20','2019-09-01'),(119,50,'2020-02-02','2019-11-04'),(120,50,'2020-01-24','2020-04-01'),(121,50,'2020-08-06','2020-10-25'),(122,20,'2020-05-03','2020-05-06'),(123,5,'2020-02-24','2020-12-02'),(124,5,'2019-05-06','2020-08-19'),(125,5,'2020-03-14','2019-10-18'),(126,50,'2020-06-18','2019-11-01'),(127,20,'2019-07-01','2020-03-12'),(128,50,'2020-01-23','2020-12-15'),(129,5,'2019-12-31','2020-10-07'),(130,20,'2019-09-06','2020-02-24'),(131,5,'2020-08-18','2019-12-07'),(132,20,'2020-08-19','2020-09-11'),(133,50,'2020-04-01','2020-03-28'),(134,50,'2019-06-20','2020-02-25'),(135,20,'2019-06-06','2020-09-12'),(136,10,'2019-06-01','2019-12-15'),(137,50,'2020-06-29','2020-05-04'),(138,5,'2019-10-18','2019-11-09'),(139,10,'2019-11-01','2019-10-02'),(140,10,'2020-01-11','2020-07-15'),(141,10,'2020-08-05','2020-07-22'),(142,5,'2020-04-16','2020-07-24'),(143,50,'2020-04-15','2020-06-23'),(144,10,'2020-01-05','2019-10-21'),(145,20,'2019-08-07','2020-02-29'),(146,5,'2020-06-15','2020-07-22'),(147,5,'2019-06-08','2020-03-29'),(148,10,'2020-08-17','2020-07-28'),(149,20,'2019-11-22','2020-11-26'),(150,10,'2020-04-03','2020-01-29'),(151,10,'2019-06-20','2020-02-01'),(152,20,'2020-05-09','2020-11-15'),(153,20,'2020-02-16','2019-11-02'),(154,50,'2020-05-13','2019-11-14'),(155,50,'2019-05-05','2020-03-29'),(156,50,'2019-08-05','2020-03-05'),(157,50,'2019-06-30','2020-10-02'),(158,50,'2019-08-24','2020-11-07'),(159,5,'2019-09-18','2019-12-24'),(160,5,'2019-05-20','2019-09-22'),(161,5,'2019-09-29','2020-11-20'),(162,10,'2019-09-27','2020-12-17'),(163,10,'2020-06-07','2020-02-04'),(164,10,'2019-11-12','2020-10-10'),(165,50,'2020-07-17','2020-06-17'),(166,5,'2019-05-05','2020-04-18'),(167,50,'2019-11-17','2020-03-22'),(168,5,'2019-11-26','2019-09-07'),(169,50,'2019-11-26','2021-01-07'),(170,10,'2020-05-21','2020-02-18'),(171,10,'2019-10-17','2020-07-20'),(172,10,'2020-04-03','2020-11-11'),(173,5,'2019-09-19','2019-11-08'),(174,20,'2019-12-08','2019-11-30'),(175,50,'2020-05-08','2019-11-11'),(176,10,'2019-11-27','2020-08-31'),(177,20,'2020-05-03','2020-01-21'),(178,10,'2020-08-17','2020-03-12'),(179,20,'2020-05-29','2020-10-10'),(180,20,'2020-02-24','2019-09-07'),(181,5,'2020-02-13','2020-08-09'),(182,10,'2019-11-25','2019-09-17'),(183,50,'2020-07-27','2020-02-27'),(184,5,'2020-03-23','2020-12-20'),(185,5,'2020-02-28','2020-12-31'),(186,5,'2020-07-21','2019-12-08'),(187,50,'2020-04-18','2021-01-26'),(188,50,'2019-10-27','2020-02-04'),(189,10,'2020-06-28','2020-07-04'),(190,10,'2019-08-29','2020-11-08'),(191,50,'2020-04-13','2020-07-28'),(192,50,'2020-03-21','2019-10-27'),(193,10,'2020-05-05','2020-10-06'),(194,5,'2020-08-25','2020-03-26'),(195,20,'2019-11-05','2020-05-28'),(196,10,'2020-08-16','2020-10-27'),(197,50,'2019-09-15','2020-08-14'),(198,20,'2020-05-01','2020-03-19'),(199,5,'2019-06-08','2020-08-11'),(200,5,'2020-02-29','2020-08-24');

insert into Pizaria.Encomenda (ID,cliente_email,estafeta_email,endereco_fisico,hora,metodo_pagamento,des_codigo) values (1000,'tellus.justo.sit@iaculis.net','estafeta@gmail.com','P.O. Box 140, 9168 Nascetur Av.','2020-05-19 19:19','Dinheiro',8),(1001,'vehicula.Pellentesque@elit.co.uk','estafeta@gmail.com','836-2981 Ligula. Av.','2020-05-31 01:15','Cartao',9),(1002,'tempus.non.lacinia@feliseget.co.uk','estafeta@gmail.com','Ap #545-5653 Urna. Av.','2020-05-16 19:44','Dinheiro',19),(1003,'elementum.sem.vitae@egestas.org','estafeta@gmail.com','214-1804 Auctor Road','2020-05-06 00:26','Cartao',21),(1004,'Donec.nibh.Quisque@facilisisvitae.edu','estafeta@gmail.com','P.O. Box 112, 1506 Odio. Road','2020-05-28 05:43','Dinheiro',23),(1005,'eu@egestas.ca','estafeta@gmail.com','Ap #743-682 Tellus. Street','2020-05-19 13:28','Cartao',24),(1006,'In@venenatisvel.net','estafeta@gmail.com','P.O. Box 834, 9572 Vitae Street','2020-05-26 21:16','Cartao',27),(1007,'nibh@tellus.net','estafeta@gmail.com','P.O. Box 427, 6972 Aliquam St.','2020-05-11 17:18','Cartao',34),(1008,'dolor@egetdictumplacerat.ca','estafeta@gmail.com','P.O. Box 881, 5919 Dui Rd.','2020-05-13 17:25','Dinheiro',43),(1009,'ultrices@elitelit.net','estafeta@gmail.com','P.O. Box 661, 9977 Ad St.','2020-05-19 11:38','Cartao',48),(1010,'urna.convallis@tinciduntcongue.co.uk','Maecenas.libero.est@arcu.com','P.O. Box 576, 9429 Eget Av.','2020-05-18 00:12','Cartao',49),(1011,'commodo@Curabituregestasnunc.org','Maecenas.libero.est@arcu.com','371-1993 Non, Rd.','2020-05-19 22:03','Cartao',51),(1012,'Praesent.luctus@ultriciesornareelit.ca','Maecenas.libero.est@arcu.com','Ap #374-877 Neque Av.','2020-05-26 04:14','Cartao',53),(1013,'Curabitur.dictum.Phasellus@Curabitursedtortor.co.uk','Maecenas.libero.est@arcu.com','P.O. Box 462, 9224 Sapien, Avenue','2020-05-29 17:37','Dinheiro',56),(1014,'nulla.ante.iaculis@temporaugueac.net','Maecenas.libero.est@arcu.com','Ap #928-2991 Non, St.','2020-05-22 11:57','Dinheiro',57),(1015,'rutrum.Fusce@loremfringillaornare.co.uk','Maecenas.libero.est@arcu.com','Ap #820-6128 Justo. Road','2020-05-08 18:20','Dinheiro',58),(1016,'fermentum@neque.org','Maecenas.libero.est@arcu.com','571-6142 Curabitur Rd.','2020-05-15 16:35','Cartao',69),(1017,'parturient.montes@enimEtiamimperdiet.org','Maecenas.libero.est@arcu.com','9465 Dignissim Road','2020-05-05 16:49','Cartao',92),(1018,'cursus.et.eros@dignissim.ca','Maecenas.libero.est@arcu.com','P.O. Box 374, 9047 Proin St.','2020-05-02 12:39','Dinheiro',99),(1019,'risus@orciPhasellus.com','Maecenas.libero.est@arcu.com','P.O. Box 468, 360 Donec Rd.','2020-05-10 09:48','Cartao',101),(1020,'ligula.Nullam.feugiat@et.org','enim.Etiam@ametmassa.ca','327-2650 Dui. Rd.','2020-05-17 13:55','Dinheiro',102),(1021,'amet.nulla@sit.net','enim.Etiam@ametmassa.ca','830 Risus. Avenue','2020-05-09 01:13','Cartao',107),(1022,'sollicitudin.adipiscing@per.edu','enim.Etiam@ametmassa.ca','991-2572 Sagittis Ave','2020-05-12 08:12','Dinheiro',117),(1023,'lobortis@adipiscinglacusUt.net','enim.Etiam@ametmassa.ca','6413 Neque. Street','2020-05-02 12:21','Dinheiro',119),(1024,'Donec.est.Nunc@Fusce.edu','enim.Etiam@ametmassa.ca','187-5876 Arcu. Av.','2020-05-01 19:21','Dinheiro',133),(1025,'eu@orci.net','enim.Etiam@ametmassa.ca','P.O. Box 514, 6890 Cubilia St.','2020-05-01 06:07','Dinheiro',198),(1026,'volutpat@lacinia.co.uk','enim.Etiam@ametmassa.ca','P.O. Box 403, 1452 Bibendum St.','2020-05-16 18:45','Dinheiro',8),(1027,'rhoncus@conguea.org','enim.Etiam@ametmassa.ca','P.O. Box 439, 7810 Ornare, Street','2020-05-06 15:52','Dinheiro',21),(1028,'tristique.pharetra.Quisque@loremvitaeodio.ca','enim.Etiam@ametmassa.ca','Ap #600-2534 Libero St.','2020-05-01 12:34','Dinheiro',92),(1029,'tempor@eutellus.com','enim.Etiam@ametmassa.ca','Ap #492-1130 Magna. Street','2020-05-04 06:43','Dinheiro',94),(1030,'at.arcu.Vestibulum@ultricesmaurisipsum.co.uk','a.enim.Suspendisse@Mauriseu.com','253-1171 Pellentesque Av.','2020-05-21 01:27','Cartao',95),(1031,'Phasellus@elit.net','a.enim.Suspendisse@Mauriseu.com','684-769 Auctor Ave','2020-05-19 07:58','Cartao',97),(1032,'Nam.ac@lacusvestibulum.edu','a.enim.Suspendisse@Mauriseu.com','100-5025 Enim, Av.','2020-05-03 09:44','Dinheiro',99),(1033,'Mauris.molestie@vitaeorciPhasellus.edu','a.enim.Suspendisse@Mauriseu.com','Ap #271-2543 Leo, Av.','2020-05-01 09:26','Dinheiro',133),(1034,'per@utaliquamiaculis.com','a.enim.Suspendisse@Mauriseu.com','Ap #949-2399 Pharetra. Rd.','2020-05-16 09:36','Cartao',140),(1035,'Duis@vitaeorci.com','a.enim.Suspendisse@Mauriseu.com','P.O. Box 828, 714 Sed Av.','2020-05-25 08:36','Dinheiro',142),(1036,'risus@felis.org','a.enim.Suspendisse@Mauriseu.com','Ap #385-3117 Consectetuer St.','2020-05-06 04:22','Dinheiro',144),(1037,'turpis.non.enim@In.ca','a.enim.Suspendisse@Mauriseu.com','941-5491 Dolor. Rd.','2020-05-25 16:38','Dinheiro',150),(1038,'neque@auguemalesuadamalesuada.net','a.enim.Suspendisse@Mauriseu.com','822-6344 Ac Street','2020-05-27 16:24','Dinheiro',152),(1039,'Aenean.massa@ornareegestas.ca','a.enim.Suspendisse@Mauriseu.com','Ap #429-4438 Lectus St.','2020-05-25 02:39','Dinheiro',153),(1040,'elit@lorem.com','vel@antedictum.edu','167-2230 Phasellus Street','2020-05-31 06:02','Cartao',154),(1041,'ornare.In.faucibus@eleifend.org','vel@antedictum.edu','P.O. Box 812, 7034 Ornare. St.','2020-05-16 05:40','Cartao',155),(1042,'dui@vehicula.co.uk','vel@antedictum.edu','P.O. Box 236, 9268 Venenatis Street','2020-05-27 10:28','Cartao',160),(1043,'tellus.Suspendisse.sed@Maurisvestibulum.ca','vel@antedictum.edu','313-2122 Sed, Av.','2020-05-02 07:18','Dinheiro',198),(1044,'ultricies@Mauris.co.uk','vel@antedictum.edu','P.O. Box 469, 8929 Placerat Road','2020-05-26 04:04','Dinheiro',5),(1045,'diam@Nullamscelerisqueneque.edu','vel@antedictum.edu','Ap #921-8101 Congue, Ave','2020-05-13 05:13','Dinheiro',19),(1046,'Mauris@convallisest.co.uk','vel@antedictum.edu','918-8025 Amet, St.','2020-05-13 01:32','Dinheiro',21),(1047,'lacus.Etiam@ametconsectetuer.org','vel@antedictum.edu','687-5965 Cursus. Street','2020-05-30 19:02','Cartao',23),(1048,'nunc.In@imperdieterat.co.uk','vel@antedictum.edu','P.O. Box 802, 4533 Enim Rd.','2020-05-29 01:57','Cartao',24),(1049,'magna.malesuada@nonduinec.net','vel@antedictum.edu','6658 Dui, Street','2020-05-26 06:38','Cartao',27),(1050,'Nullam.nisl.Maecenas@Mauris.ca','diam.luctus@feugiatLoremipsum.net','580-5577 Lacinia St.','2020-05-29 23:35','Cartao',34),(1051,'et@elitNullafacilisi.ca','diam.luctus@feugiatLoremipsum.net','9761 Nullam Rd.','2020-05-21 01:50','Dinheiro',35),(1052,'faucibus@egestasnunc.ca','diam.luctus@feugiatLoremipsum.net','360-6559 Purus. Road','2020-05-01 03:46','Cartao',92),(1053,'vestibulum@loremfringillaornare.com','diam.luctus@feugiatLoremipsum.net','P.O. Box 762, 9737 Pede St.','2020-05-24 08:19','Cartao',93),(1054,'odio@quamquisdiam.net','diam.luctus@feugiatLoremipsum.net','4973 Eu St.','2020-05-06 14:10','Cartao',94),(1055,'ultrices@vulputate.org','diam.luctus@feugiatLoremipsum.net','231-382 Fermentum St.','2020-05-12 18:02','Cartao',97),(1056,'lorem.ac@vestibulum.ca','diam.luctus@feugiatLoremipsum.net','Ap #294-3927 Dapibus Street','2020-05-22 11:58','Cartao',99),(1057,'eu@lacus.edu','diam.luctus@feugiatLoremipsum.net','1643 Sagittis. Av.','2020-05-07 22:14','Cartao',101),(1058,'imperdiet.non.vestibulum@eutellusPhasellus.co.uk','diam.luctus@feugiatLoremipsum.net','346-3644 Nam Ave','2020-05-19 15:17','Cartao',102),(1059,'luctus.et@luctus.net','diam.luctus@feugiatLoremipsum.net','699-1302 At Road','2020-05-19 18:48','Dinheiro',104),(1060,'vel.sapien@velnislQuisque.net','a.enim@loremluctus.edu','971-7452 Velit Road','2020-05-09 06:49','Dinheiro',107),(1061,'Vivamus@morbi.co.uk','a.enim@loremluctus.edu','3144 Eu Street','2020-05-30 10:47','Cartao',112),(1062,'odio.Phasellus.at@dolor.com','a.enim@loremluctus.edu','P.O. Box 405, 1465 Nec, Road','2020-05-28 16:02','Cartao',114),(1063,'vel.convallis@In.edu','a.enim@loremluctus.edu','3759 Adipiscing. St.','2020-05-06 14:38','Dinheiro',117),(1064,'eu@vehiculaaliquetlibero.com','a.enim@loremluctus.edu','P.O. Box 699, 1768 Turpis Rd.','2020-05-29 15:14','Dinheiro',119),(1065,'tincidunt.pede@Maurisquisturpis.ca','a.enim@loremluctus.edu','341-3119 Rutrum Street','2020-05-22 17:36','Dinheiro',122),(1066,'mollis@Quisqueporttitor.net','a.enim@loremluctus.edu','Ap #252-1422 Mollis Street','2020-05-02 00:07','Cartao',133),(1067,'euismod@fringillamilacinia.net','a.enim@loremluctus.edu','P.O. Box 271, 1594 Nascetur Avenue','2020-05-09 15:14','Dinheiro',144),(1068,'ut.dolor.dapibus@Utnecurna.net','a.enim@loremluctus.edu','141-1532 Convallis St.','2020-05-24 04:54','Cartao',150),(1069,'malesuada@laoreetposuere.ca','a.enim@loremluctus.edu','Ap #655-5015 Id, St.','2020-05-25 13:52','Cartao',152),(1070,'semper@vehiculaaliquet.ca','sit.amet.luctus@ipsumnonarcu.com','342-6749 Leo. Road','2020-05-12 18:06','Dinheiro',155),(1071,'Nunc@rhoncusDonec.net','sit.amet.luctus@ipsumnonarcu.com','Ap #369-1049 Non St.','2020-05-31 15:30','Dinheiro',160),(1072,'aliquet.Phasellus@ipsum.ca','sit.amet.luctus@ipsumnonarcu.com','560-5597 Non Rd.','2020-05-05 04:27','Cartao',166),(1073,'ac.facilisis.facilisis@nunc.edu','sit.amet.luctus@ipsumnonarcu.com','Ap #743-4475 Fames St.','2020-05-31 11:34','Dinheiro',170),(1074,'sem.ut.dolor@dictumProineget.ca','sit.amet.luctus@ipsumnonarcu.com','P.O. Box 657, 4113 Auctor St.','2020-05-28 17:09','Cartao',172),(1075,'egestas@aliquameu.net','sit.amet.luctus@ipsumnonarcu.com','P.O. Box 404, 8150 Velit. Avenue','2020-05-23 19:27','Cartao',175),(1076,'orci.tincidunt@sem.edu','sit.amet.luctus@ipsumnonarcu.com','Ap #632-4578 Ipsum Street','2020-05-27 01:27','Dinheiro',177),(1077,'libero.Integer@egestasrhoncus.edu','sit.amet.luctus@ipsumnonarcu.com','6582 Molestie Rd.','2020-05-24 08:41','Cartao',180),(1078,'Curabitur.consequat.lectus@egestasadui.edu','sit.amet.luctus@ipsumnonarcu.com','491-2453 Vel, St.','2020-05-03 06:53','Cartao',198),(1079,'vel.vulputate.eu@mollis.net','sit.amet.luctus@ipsumnonarcu.com','2777 Vestibulum Street','2020-05-22 17:56','Dinheiro',5),(1080,'ullamcorper.magna.Sed@enimcondimentum.ca','semper@euismodac.com','Ap #707-4432 Lobortis Rd.','2020-05-31 10:26','Cartao',8),(1081,'Sed.neque.Sed@turpisegestasAliquam.com','semper@euismodac.com','581-2293 Cras Road','2020-05-16 00:07','Cartao',19),(1082,'felis.eget@Duisac.ca','semper@euismodac.com','213-1763 Auctor St.','2020-05-23 16:14','Dinheiro',20),(1083,'felis.orci@hendreritidante.com','semper@euismodac.com','4082 Cras St.','2020-05-05 02:52','Dinheiro',21),(1084,'non.luctus@lacusAliquamrutrum.ca','semper@euismodac.com','6044 Varius. St.','2020-04-30 04:03','Dinheiro',23),(1085,'luctus.sit.amet@Aliquamnisl.com','semper@euismodac.com','540-4685 Fusce Rd.','2020-05-04 13:50','Cartao',48),(1086,'nonummy.Fusce.fermentum@adipiscingenim.com','semper@euismodac.com','Ap #892-1152 Nec St.','2020-05-19 02:14','Dinheiro',49),(1087,'nisi.a.odio@erosNam.edu','semper@euismodac.com','617-6626 Donec Street','2020-05-29 13:29','Dinheiro',51),(1088,'commodo@lectusconvallis.net','semper@euismodac.com','Ap #221-9632 Tortor. Rd.','2020-05-18 17:29','Cartao',56),(1089,'sem.elit@luctusvulputatenisi.co.uk','semper@euismodac.com','2713 Cras Ave','2020-05-03 21:37','Dinheiro',58),(1090,'risus@Nunc.org','aliquam.enim@Duisvolutpat.com','P.O. Box 591, 240 Nec Ave','2020-05-11 07:12','Dinheiro',72),(1091,'odio.Phasellus.at@neque.edu','aliquam.enim@Duisvolutpat.com','Ap #239-4448 Vulputate St.','2020-05-08 05:20','Cartao',88),(1092,'pede.blandit@dignissimpharetraNam.net','aliquam.enim@Duisvolutpat.com','4065 Quis, Av.','2020-05-13 02:35','Cartao',92),(1093,'nec.ligula.consectetuer@eterosProin.edu','aliquam.enim@Duisvolutpat.com','P.O. Box 514, 2935 Mauris St.','2020-05-31 19:39','Dinheiro',93),(1094,'eu.euismod.ac@Nulla.ca','aliquam.enim@Duisvolutpat.com','389-5511 Semper St.','2020-05-19 22:12','Cartao',94),(1095,'facilisi@pharetranibhAliquam.net','aliquam.enim@Duisvolutpat.com','P.O. Box 756, 3229 Fermentum St.','2020-05-25 13:49','Dinheiro',95),(1096,'massa.non@facilisis.co.uk','aliquam.enim@Duisvolutpat.com','799 Mauris Street','2020-05-21 05:16','Cartao',97),(1097,'quis.pede.Suspendisse@necluctusfelis.org','aliquam.enim@Duisvolutpat.com','2999 Imperdiet Ave','2020-05-13 14:21','Dinheiro',99),(1098,'sapien.Cras@etultrices.co.uk','aliquam.enim@Duisvolutpat.com','519 Sociis Road','2020-05-22 19:50','Dinheiro',101),(1099,'vestibulum.neque.sed@orci.co.uk','aliquam.enim@Duisvolutpat.com','2580 Facilisis Rd.','2020-05-18 15:09','Dinheiro',102);
insert into Pizaria.Encomenda (ID,cliente_email,estafeta_email,endereco_fisico,hora,metodo_pagamento,des_codigo) values (1100,'aliquam.eros.turpis@ultrices.edu','imperdiet@tortor.org','8614 Vehicula Avenue','2020-05-10 08:02','Dinheiro',null),(1101,'ultricies.ornare@risusQuisque.com','imperdiet@tortor.org','4392 Donec Ave','2020-05-14 05:41','Cartao',null),(1102,'penatibus.et.magnis@afeugiattellus.ca','imperdiet@tortor.org','749-6334 Vitae Street','2020-05-09 14:30','Dinheiro',null),(1103,'lectus@tempuseuligula.net','imperdiet@tortor.org','Ap #286-5499 Tempor St.','2020-05-19 15:27','Dinheiro',null),(1104,'risus.Nulla.eget@Crassed.edu','imperdiet@tortor.org','5543 Proin St.','2020-05-14 16:14','Cartao',null),(1105,'vulputate@orciadipiscing.ca','imperdiet@tortor.org','8791 Sapien, St.','2020-05-26 05:45','Cartao',null),(1106,'Pellentesque.tincidunt@etpedeNunc.org','imperdiet@tortor.org','8783 Fames Rd.','2020-05-23 14:29','Cartao',null),(1107,'rhoncus.Donec@aliquetProin.ca','imperdiet@tortor.org','3399 Libero Av.','2020-05-24 14:24','Dinheiro',null),(1108,'aliquam@ametloremsemper.edu','imperdiet@tortor.org','2054 Iaculis Rd.','2020-05-08 13:50','Cartao',null),(1109,'sit@aliquetlobortis.org','imperdiet@tortor.org','3952 Est. Rd.','2020-05-11 02:23','Cartao',null),(1110,'Sed@Quisqueimperdiet.edu','orci.Ut@inmagnaPhasellus.edu','242-9819 In Ave','2020-05-04 16:28','Cartao',null),(1111,'ultrices.mauris.ipsum@bibendumDonec.edu','orci.Ut@inmagnaPhasellus.edu','P.O. Box 400, 1308 Mi Avenue','2020-05-29 05:52','Dinheiro',null),(1112,'ligula@pede.net','orci.Ut@inmagnaPhasellus.edu','437-2878 Amet Av.','2020-05-31 20:51','Cartao',null),(1113,'ultrices.Duis.volutpat@consectetueripsumnunc.org','orci.Ut@inmagnaPhasellus.edu','Ap #649-9448 Id Av.','2020-05-24 23:44','Dinheiro',null),(1114,'ante.blandit.viverra@ipsum.edu','orci.Ut@inmagnaPhasellus.edu','9385 Vitae Rd.','2020-05-20 19:04','Dinheiro',null),(1115,'imperdiet.ornare.In@Namnullamagna.net','orci.Ut@inmagnaPhasellus.edu','P.O. Box 801, 8518 Pretium Av.','2020-05-21 08:42','Cartao',null),(1116,'nibh.enim.gravida@actellus.ca','orci.Ut@inmagnaPhasellus.edu','P.O. Box 633, 9977 Fusce Road','2020-05-10 12:53','Dinheiro',null),(1117,'nisi.Mauris@Nuncmauris.ca','orci.Ut@inmagnaPhasellus.edu','9629 Dolor Rd.','2020-05-27 12:56','Dinheiro',null),(1118,'tempus.risus@risusDonecegestas.org','orci.Ut@inmagnaPhasellus.edu','P.O. Box 476, 3487 Adipiscing St.','2020-05-28 10:05','Cartao',null),(1119,'sagittis@rutrumnon.com','orci.Ut@inmagnaPhasellus.edu','397-7547 Feugiat. St.','2020-05-09 11:50','Cartao',null),(1120,'sagittis@sed.com','Mauris@acarcuNunc.com','P.O. Box 421, 1211 Ullamcorper Rd.','2020-05-08 09:17','Dinheiro',null),(1121,'montes.nascetur@ornare.edu','Mauris@acarcuNunc.com','P.O. Box 575, 159 Amet St.','2020-05-15 01:58','Dinheiro',null),(1122,'lectus.ante.dictum@Nullam.co.uk','Mauris@acarcuNunc.com','9930 Et, Avenue','2020-05-25 13:04','Dinheiro',null),(1123,'gravida.mauris.ut@dapibus.co.uk','Mauris@acarcuNunc.com','1857 Venenatis Avenue','2020-05-26 16:21','Cartao',null),(1124,'a.arcu.Sed@aliquetsemut.com','Mauris@acarcuNunc.com','Ap #557-6630 Dolor, Avenue','2020-05-30 16:08','Dinheiro',null),(1125,'Integer@felisullamcorper.co.uk','Mauris@acarcuNunc.com','P.O. Box 249, 8002 Nunc Rd.','2020-05-04 16:00','Cartao',null),(1126,'mauris@suscipit.edu','Mauris@acarcuNunc.com','170-7194 Netus Rd.','2020-05-14 14:54','Cartao',null),(1127,'tellus@non.org','Mauris@acarcuNunc.com','856-2478 Luctus Ave','2020-05-18 20:58','Dinheiro',null),(1128,'tellus.id@consectetuer.ca','Mauris@acarcuNunc.com','346-6435 Ornare, Av.','2020-05-12 22:03','Dinheiro',null),(1129,'risus.odio@sollicitudincommodoipsum.co.uk','Mauris@acarcuNunc.com','Ap #880-4910 Aenean Rd.','2020-05-18 12:23','Cartao',null),(1130,'nec.enim@magnaCrasconvallis.org','magna@et.co.uk','P.O. Box 908, 3277 Ac Rd.','2020-05-06 17:17','Cartao',null),(1131,'turpis@antebibendum.co.uk','magna@et.co.uk','P.O. Box 895, 7207 Nunc Ave','2020-05-12 22:43','Dinheiro',null),(1132,'porttitor.eros.nec@ipsumdolor.net','magna@et.co.uk','797-3995 Eget Road','2020-05-01 02:02','Dinheiro',null),(1133,'Nunc.pulvinar@temporarcu.ca','magna@et.co.uk','521-795 Ante St.','2020-05-09 02:59','Dinheiro',null),(1134,'penatibus.et@Integer.ca','magna@et.co.uk','942-641 Imperdiet St.','2020-05-30 20:53','Cartao',null),(1135,'vehicula.et.rutrum@quis.org','magna@et.co.uk','3234 Vel Street','2020-05-31 06:58','Dinheiro',null),(1136,'accumsan.convallis@mollisduiin.com','magna@et.co.uk','P.O. Box 676, 3769 Quisque St.','2020-05-12 19:12','Dinheiro',null),(1137,'aliquam@imperdietullamcorper.com','magna@et.co.uk','Ap #476-1773 Dis Road','2020-05-06 16:48','Cartao',null),(1138,'Aenean.massa@luctusCurabitur.org','magna@et.co.uk','Ap #444-8107 Sit Avenue','2020-05-12 14:31','Cartao',null),(1139,'purus.accumsan@nonquamPellentesque.edu','magna@et.co.uk','896-1504 Tellus. Avenue','2020-05-02 18:24','Cartao',null),(1140,'et.magna@Nullamfeugiat.net','eget@Sedeget.ca','Ap #341-6614 Nulla. Avenue','2020-05-13 07:16','Dinheiro',null),(1141,'ultrices@sit.edu','eget@Sedeget.ca','2691 Fringilla Ave','2020-05-10 01:30','Dinheiro',null),(1142,'at@Nunclaoreetlectus.net','eget@Sedeget.ca','622-7503 Sit Av.','2020-05-10 16:18','Dinheiro',null),(1143,'dignissim.tempor@Inmipede.net','eget@Sedeget.ca','P.O. Box 634, 9202 Malesuada St.','2020-05-05 08:47','Cartao',null),(1144,'enim.mi.tempor@ametluctus.edu','eget@Sedeget.ca','831-147 Donec Avenue','2020-05-08 10:22','Cartao',null),(1145,'leo@velitQuisquevarius.ca','eget@Sedeget.ca','133-4566 Magna. Av.','2020-05-16 11:01','Cartao',null),(1146,'aptent.taciti@sodalesMaurisblandit.com','eget@Sedeget.ca','219 Malesuada St.','2020-05-18 13:02','Cartao',null),(1147,'mus.Proin@Maecenasornareegestas.ca','eget@Sedeget.ca','Ap #376-350 Luctus, Street','2020-05-25 21:44','Cartao',null),(1148,'nunc@euismodestarcu.edu','eget@Sedeget.ca','Ap #224-581 Sit Ave','2020-05-14 16:50','Cartao',null),(1149,'tellus.Suspendisse@disparturientmontes.org','eget@Sedeget.ca','820-8547 Vitae Rd.','2020-05-08 12:30','Cartao',null),(1150,'a.purus@magnaSedeu.net','et.magnis@elit.edu','P.O. Box 101, 7427 Inceptos Avenue','2020-05-03 04:54','Cartao',null),(1151,'In@dictumultriciesligula.ca','et.magnis@elit.edu','463-6178 Enim St.','2020-05-11 08:12','Dinheiro',null),(1152,'magna@montesnasceturridiculus.org','et.magnis@elit.edu','P.O. Box 348, 3685 Lobortis Rd.','2020-05-29 15:57','Cartao',null),(1153,'ligula@nulla.org','et.magnis@elit.edu','9193 Pede, Av.','2020-05-07 01:17','Dinheiro',null),(1154,'nisl.elementum@Phasellus.com','et.magnis@elit.edu','P.O. Box 439, 3663 Sem Street','2020-05-09 05:30','Cartao',null),(1155,'Aliquam.auctor.velit@mollis.org','et.magnis@elit.edu','Ap #337-8790 Urna. Rd.','2020-05-17 19:39','Dinheiro',null),(1156,'magna@vestibulumneque.net','et.magnis@elit.edu','477-4497 Ornare Street','2020-05-08 20:24','Cartao',null),(1157,'et@egestas.co.uk','et.magnis@elit.edu','Ap #139-2406 Quisque Rd.','2020-05-29 00:11','Cartao',null),(1158,'libero.Morbi@metuseu.net','et.magnis@elit.edu','P.O. Box 946, 7654 Aliquam Av.','2020-05-05 03:55','Dinheiro',null),(1159,'Nullam@laciniaorciconsectetuer.co.uk','et.magnis@elit.edu','Ap #740-573 Vitae St.','2020-05-05 00:35','Cartao',null),(1160,'faucibus.orci.luctus@magnisdisparturient.edu','semper.dui.lectus@massaMauris.ca','3388 Ipsum St.','2020-05-19 20:46','Dinheiro',null),(1161,'dictum.Proin@nascetur.edu','semper.dui.lectus@massaMauris.ca','Ap #891-9919 Eu Rd.','2020-05-20 00:36','Cartao',null),(1162,'dui@orcisemeget.org','semper.dui.lectus@massaMauris.ca','9828 Felis, Street','2020-05-09 17:58','Dinheiro',null),(1163,'ornare.lectus.justo@elementumpurus.org','semper.dui.lectus@massaMauris.ca','532 Donec Ave','2020-05-11 15:14','Cartao',null),(1164,'fermentum.metus.Aenean@ametrisusDonec.edu','semper.dui.lectus@massaMauris.ca','P.O. Box 854, 3643 Semper Rd.','2020-05-25 17:45','Dinheiro',null),(1165,'nec.leo@vel.ca','semper.dui.lectus@massaMauris.ca','228-6183 Amet St.','2020-05-22 22:48','Dinheiro',null),(1166,'sit@sit.co.uk','semper.dui.lectus@massaMauris.ca','578-1419 Pellentesque Road','2020-05-30 17:56','Cartao',null),(1167,'senectus.et.netus@nequenon.co.uk','semper.dui.lectus@massaMauris.ca','539 Pede. St.','2020-05-19 20:26','Dinheiro',null),(1168,'scelerisque@ligulaAliquam.org','semper.dui.lectus@massaMauris.ca','728-4214 Sed Avenue','2020-05-06 17:09','Cartao',null),(1169,'malesuada.vel@incursus.edu','semper.dui.lectus@massaMauris.ca','Ap #473-8560 Cras Rd.','2020-05-20 07:12','Cartao',null),(1170,'turpis.vitae@ultriciesornareelit.com','cursus@Quisqueimperdiet.net','1475 Iaculis Avenue','2020-05-21 10:37','Dinheiro',null),(1171,'rutrum.magna@vitae.org','cursus@Quisqueimperdiet.net','P.O. Box 960, 3675 Nunc Ave','2020-05-09 17:10','Cartao',null),(1172,'Phasellus.dapibus.quam@enim.edu','cursus@Quisqueimperdiet.net','197-2131 Tristique Street','2020-05-27 13:34','Dinheiro',null),(1173,'aliquet.lobortis@Donecnibh.ca','cursus@Quisqueimperdiet.net','P.O. Box 679, 3527 Nullam Road','2020-05-22 15:39','Dinheiro',null),(1174,'elit@malesuadafamesac.net','cursus@Quisqueimperdiet.net','Ap #566-3011 Sed Avenue','2020-05-29 19:02','Cartao',null),(1175,'elit.Aliquam.auctor@parturient.edu','cursus@Quisqueimperdiet.net','637-6084 Eu Av.','2020-05-15 05:03','Cartao',null),(1176,'non@vitaeorci.ca','cursus@Quisqueimperdiet.net','9565 Non Rd.','2020-04-30 14:18','Dinheiro',null),(1177,'Donec@euaccumsan.org','cursus@Quisqueimperdiet.net','Ap #613-9674 Morbi Avenue','2020-05-25 03:42','Dinheiro',null),(1178,'lorem@ettristique.edu','cursus@Quisqueimperdiet.net','P.O. Box 495, 6966 Rutrum. Street','2020-05-10 07:16','Cartao',null),(1179,'adipiscing.fringilla.porttitor@luctus.com','cursus@Quisqueimperdiet.net','Ap #617-5793 Eu Av.','2020-05-01 07:26','Dinheiro',null),(1180,'metus.urna@tempusnon.co.uk','egestas@sitamet.com','664-513 Lectus. Street','2020-05-12 14:27','Dinheiro',null),(1181,'dis.parturient@Integervulputaterisus.com','egestas@sitamet.com','P.O. Box 427, 9441 Suspendisse St.','2020-05-22 14:45','Dinheiro',null),(1182,'amet.risus@Inat.net','egestas@sitamet.com','7887 Sed Road','2020-05-21 16:34','Dinheiro',null),(1183,'tristique.ac@Cumsociisnatoque.net','egestas@sitamet.com','245-3099 Est Avenue','2020-05-02 02:52','Cartao',null),(1184,'eu.euismod.ac@mattis.edu','egestas@sitamet.com','P.O. Box 214, 4498 Eu, St.','2020-05-31 19:58','Dinheiro',null),(1185,'Nullam.nisl@facilisisnon.com','egestas@sitamet.com','P.O. Box 758, 6637 Fringilla Rd.','2020-05-25 19:33','Dinheiro',null),(1186,'mollis.Phasellus@nibh.net','egestas@sitamet.com','P.O. Box 706, 4972 Scelerisque St.','2020-05-17 18:11','Cartao',null),(1187,'fringilla@Inmi.co.uk','egestas@sitamet.com','P.O. Box 612, 8328 Urna. St.','2020-05-22 20:50','Dinheiro',null),(1188,'molestie.Sed@nunc.edu','egestas@sitamet.com','5732 Volutpat Av.','2020-05-12 17:17','Cartao',null),(1189,'velit@Sedidrisus.edu','egestas@sitamet.com','Ap #837-1901 Neque Road','2020-05-12 01:02','Dinheiro',null),(1190,'Curabitur.dictum@dui.net','mauris.a.nunc@convallisligula.ca','4863 Eget St.','2020-05-09 05:08','Cartao',null),(1191,'Mauris.magna.Duis@ornare.net','mauris.a.nunc@convallisligula.ca','8860 In, St.','2020-05-22 11:17','Cartao',null),(1192,'dignissim@famesacturpis.edu','mauris.a.nunc@convallisligula.ca','448-7545 Convallis St.','2020-05-13 15:32','Dinheiro',null),(1193,'elementum@Sed.edu','mauris.a.nunc@convallisligula.ca','4232 Risus. Rd.','2020-05-23 22:12','Dinheiro',null),(1194,'in.magna@dolornonummyac.ca','mauris.a.nunc@convallisligula.ca','Ap #869-2384 Vitae, Road','2020-05-09 01:35','Dinheiro',null),(1195,'ornare.egestas.ligula@mollis.net','mauris.a.nunc@convallisligula.ca','984-274 Metus Av.','2020-05-14 05:44','Dinheiro',null),(1196,'velit@mollisDuis.co.uk','mauris.a.nunc@convallisligula.ca','7285 Nunc Rd.','2020-05-17 11:29','Dinheiro',null),(1197,'posuere.vulputate@tristiquepharetra.com','mauris.a.nunc@convallisligula.ca','P.O. Box 375, 3212 Cum Ave','2020-05-21 05:19','Dinheiro',null),(1198,'Aenean@magnanec.ca','mauris.a.nunc@convallisligula.ca','Ap #956-9896 Aliquam Av.','2020-05-23 16:36','Dinheiro',null),(1199,'consectetuer.mauris.id@Proin.co.uk','mauris.a.nunc@convallisligula.ca','P.O. Box 928, 3525 Ultrices Road','2020-05-17 20:15','Cartao',null);

insert into Pizaria.DescontoCliente (cli_email,des_codigo) values ('tellus.justo.sit@iaculis.net',8),('vehicula.Pellentesque@elit.co.uk',9),('tempus.non.lacinia@feliseget.co.uk',19),('elementum.sem.vitae@egestas.org',21),('Donec.nibh.Quisque@facilisisvitae.edu',23),('eu@egestas.ca',24),('In@venenatisvel.net',27),('nibh@tellus.net',34),('dolor@egetdictumplacerat.ca',43),('ultrices@elitelit.net',48),('urna.convallis@tinciduntcongue.co.uk',49),('commodo@Curabituregestasnunc.org',51),('Praesent.luctus@ultriciesornareelit.ca',53),('Curabitur.dictum.Phasellus@Curabitursedtortor.co.uk',56),('nulla.ante.iaculis@temporaugueac.net',57),('rutrum.Fusce@loremfringillaornare.co.uk',58),('fermentum@neque.org',69),('parturient.montes@enimEtiamimperdiet.org',92),('cursus.et.eros@dignissim.ca',99),('risus@orciPhasellus.com',101),('ligula.Nullam.feugiat@et.org',102),('amet.nulla@sit.net',107),('sollicitudin.adipiscing@per.edu',117),('lobortis@adipiscinglacusUt.net',119),('Donec.est.Nunc@Fusce.edu',133),('eu@orci.net',198),('volutpat@lacinia.co.uk',8),('rhoncus@conguea.org',21),('tristique.pharetra.Quisque@loremvitaeodio.ca',92),('tempor@eutellus.com',94),('at.arcu.Vestibulum@ultricesmaurisipsum.co.uk',95),('Phasellus@elit.net',97),('Nam.ac@lacusvestibulum.edu',99),('Mauris.molestie@vitaeorciPhasellus.edu',133),('per@utaliquamiaculis.com',140),('Duis@vitaeorci.com',142),('risus@felis.org',144),('turpis.non.enim@In.ca',150),('neque@auguemalesuadamalesuada.net',152),('Aenean.massa@ornareegestas.ca',153),('elit@lorem.com',154),('ornare.In.faucibus@eleifend.org',155),('dui@vehicula.co.uk',160),('tellus.Suspendisse.sed@Maurisvestibulum.ca',198),('ultricies@Mauris.co.uk',5),('diam@Nullamscelerisqueneque.edu',19),('Mauris@convallisest.co.uk',21),('lacus.Etiam@ametconsectetuer.org',23),('nunc.In@imperdieterat.co.uk',24),('magna.malesuada@nonduinec.net',27),('Nullam.nisl.Maecenas@Mauris.ca',34),('et@elitNullafacilisi.ca',35),('faucibus@egestasnunc.ca',92),('vestibulum@loremfringillaornare.com',93),('odio@quamquisdiam.net',94),('ultrices@vulputate.org',97),('lorem.ac@vestibulum.ca',99),('eu@lacus.edu',101),('imperdiet.non.vestibulum@eutellusPhasellus.co.uk',102),('luctus.et@luctus.net',104),('vel.sapien@velnislQuisque.net',107),('Vivamus@morbi.co.uk',112),('odio.Phasellus.at@dolor.com',114),('vel.convallis@In.edu',117),('eu@vehiculaaliquetlibero.com',119),('tincidunt.pede@Maurisquisturpis.ca',122),('mollis@Quisqueporttitor.net',133),('euismod@fringillamilacinia.net',144),('ut.dolor.dapibus@Utnecurna.net',150),('malesuada@laoreetposuere.ca',152),('semper@vehiculaaliquet.ca',155),('Nunc@rhoncusDonec.net',160),('aliquet.Phasellus@ipsum.ca',166),('ac.facilisis.facilisis@nunc.edu',170),('sem.ut.dolor@dictumProineget.ca',172),('egestas@aliquameu.net',175),('orci.tincidunt@sem.edu',177),('libero.Integer@egestasrhoncus.edu',180),('Curabitur.consequat.lectus@egestasadui.edu',198),('vel.vulputate.eu@mollis.net',5),('ullamcorper.magna.Sed@enimcondimentum.ca',8),('Sed.neque.Sed@turpisegestasAliquam.com',19),('felis.eget@Duisac.ca',20),('felis.orci@hendreritidante.com',21),('non.luctus@lacusAliquamrutrum.ca',23),('luctus.sit.amet@Aliquamnisl.com',48),('nonummy.Fusce.fermentum@adipiscingenim.com',49),('nisi.a.odio@erosNam.edu',51),('commodo@lectusconvallis.net',56),('sem.elit@luctusvulputatenisi.co.uk',58),('risus@Nunc.org',72),('odio.Phasellus.at@neque.edu',88),('pede.blandit@dignissimpharetraNam.net',92),('nec.ligula.consectetuer@eterosProin.edu',93),('eu.euismod.ac@Nulla.ca',94),('facilisi@pharetranibhAliquam.net',95),('massa.non@facilisis.co.uk',97),('quis.pede.Suspendisse@necluctusfelis.org',99),('sapien.Cras@etultrices.co.uk',101),('vestibulum.neque.sed@orci.co.uk',102);

INSERT INTO Pizaria.Item(ID, nome, preco) VALUES (1,'Piza de Atum',7.54),(2,'Piza Calabresa',11.88),(3,'Piza de Frango',9.25),(4,'Piza Margarita',10.11),(5,'Piza Romana',10.24),(6,'Piza de Bacon',10.91),(7,'Piza Vegetariana',6.18),(8,'Piza Pepperoni',11.61),(9,'Piza Carbonara',6.98),(10,'Piza 4 Estaes',9.99),(11,'Piza Suprema',5.98),(12,'Piza Barbecue',5.68);
INSERT INTO Pizaria.Item(ID, nome, preco) VALUES (13,'tomate',1.86),(14,'queijo',1.97),(15,'oregaos',1.8),(16,'atum',1.99),(17,'fiambre',1.91),(18,'corgete',1.94),(19,'manjericao',1.92),(20,'cebola',1.96),(21,'azeitona',1.84),(22,'mozzarella',1.81),(23,'calabresa',1.95),(24,'frango',1.98),(25,'parmeso',1.85),(26,'manjerico',1.81),(27,'anchova',1.89),(28,'alho',1.95),(29,'ananas',1.89),(30,'cogumelo',1.98),(31,'queijo de cabra',1.81),(32,'pimento vermelho',1.83),(33,'bringela',1.99),(34,'pepperoni',1.81),(35,'bacon',1.99),(36,'carne de vaca',1.96),(37,'parmesao',1.89);
INSERT INTO Pizaria.Item(ID, nome, preco) Values (38,'Menu Suprem Family', 15), (39,'Menu Carbonara', 8), (40,'Menu Bacon', 11.5), (41,'Menu Chicken', 20), (42,'Menu Veggie', 19);
INSERT INTO Pizaria.Item (ID, nome, preco) VALUES (51,'Lata Sumol Laranja',1.70),(52,'Lata Pepsi',1.70),(53,'Lata Pepsi Max',1.70),(54,'Lata Sumol Laranja',1.70),(55,'Lata Sumol Ananas',1.70),(56,'Lata 7UP Free',1.70),(57,'Lata 7UP',1.70),(58,'Lata Guarana',1.70),(59,'Garrafa Pepsi 1.5L',2.40),(60,'Garrafa Pepsi Max 1.5L',2.40),(61,'Garrafa Sumol Ananas 1.5L',2.40),(62,'Garrafa Sumol Laranja 1.5L',2.40),(63,'Garrafa 7UP Free 1.5L',2.40),(64,'Garrafa 7UP 1.5L',2.40),(65,'Garrafa IceTea Limao 1.5L',2.40),(66,'Garrafa IceTea Pessego 1.5L',2.40),(67,'Garrafa IceTea Manga 1.5L',2.40),(68,'Lata Ice Tea Limao',1.70),(69,'Lata Ice Tea Pessego',1.70),(70,'Lata Ice Tea Manga',1.70),(71,'Bongo 8 Frutas',1.50),(72,'Garrafa gua 33cl',1.20),(73,'Lata Cerveja',1.70),(74,'Lata Somersby sidra 50cl',3.20);

INSERT INTO Pizaria.Produto(ID) VALUES (1),(2),(3),(4),(5),(6),(7),(8),(9),(10),(11),(12),(13),(14),(15),(16),(17),(18),(19),(20),(21),(22),(23),(24),(25),(26),(27),(28),(29),(30),(31),(32),(33),(34),(35),(36),(37);
INSERT INTO Pizaria.Produto(ID) VALUES (38),(39),(40),(41),(42);
INSERT INTO Pizaria.Produto (ID) VALUES (51),(52),(53),(54),(55),(56),(57),(58),(59),(60),(61),(62),(63),(64),(65),(66),(67),(68),(69),(70),(71),(72),(73),(74);

INSERT INTO Pizaria.Ingrediente(ID,quantidade_disponivel) VALUES (13,61),(14,69),(15,81),(16,76),(17,93),(18,56),(19,97),(20,66),(21,51),(22,93),(23,76),(24,81),(25,83),(26,89),(27,84),(28,50),(29,50),(30,86),(31,93),(32,64),(33,76),(34,88),(35,64),(36,73),(37,82);

INSERT INTO Pizaria.Piza(ID) VALUES (1),(2),(3),(4),(5),(6),(7),(8),(9),(10),(11),(12),(13),(14);

INSERT INTO Pizaria.Bebida (ID, quantidade_disponivel) VALUES (51,68),(52,74),(53,78),(54,72),(55,56),(56,79),(57,84),(58,90),(59,60),(60,96),(61,78),(62,95),(63,57),(64,66),(65,96),(66,57),(67,68),(68,58),(69,89),(70,86),(71,59),(72,73),(73,94),(74,92);

INSERT INTO Pizaria.Menu(ID) VALUES (38),(39),(40),(41),(42);

insert into Pizaria.MenuProduto(men_ID,pro_ID,quantidade) VALUES (38, 11,2),(38, 53,2),(39,9,1),(39,71,1),(40,6,1),(40,58,1),(41,3,2),(41,55,2),(42,7,1),(42,10,1),(42,57,2);

INSERT INTO Pizaria.EncomendaItem(enc_ID,item_ID,quantidade) VALUES (1000,9,2),(1000,52,1),(1000,60,2),(1000,10,1),(1001,64,1),(1001,1,1),(1001,60,2),(1001,38,2),(1002,9,1),(1003,65,1),(1003,69,2),(1003,59,2),(1003,54,2),(1004,73,2),(1004,62,2),(1004,53,2),(1004,52,1),(1005,74,2),(1005,67,2),(1005,41,2),(1006,42,2),(1006,39,1),(1006,2,1),(1006,71,1),(1007,10,2),(1008,12,1),(1008,2,1),(1009,67,1),(1010,7,2),(1011,38,2),(1012,2,2),(1013,69,2),(1013,65,2),(1013,52,1),(1014,61,1),(1014,55,1),(1014,71,2),(1014,68,1),(1015,41,1),(1015,61,2),(1016,68,2),(1016,69,1),(1016,7,1),(1016,38,2),(1017,72,1),(1017,3,2),(1017,40,1),(1017,62,1),(1018,59,2),(1018,9,2),(1019,39,2),(1019,8,1),(1019,6,1),(1020,74,2),(1021,5,2),(1021,60,1),(1021,39,1),(1021,58,1),(1022,71,2),(1022,5,2),(1023,1,1),(1023,9,2),(1023,70,2),(1024,6,1),(1025,66,2),(1025,7,1),(1025,74,1),(1025,4,1),(1026,53,1),(1026,56,1),(1027,6,2),(1027,51,1),(1027,4,1),(1027,8,1),(1028,56,1),(1028,42,2),(1029,68,2),(1030,67,1),(1030,1,2),(1030,64,2),(1030,2,1),(1031,53,1),(1031,70,2),(1032,57,1),(1033,60,2),(1033,12,2),(1034,58,1),(1034,71,2),(1035,40,1),(1036,12,2),(1037,72,1),(1037,7,1),(1038,62,1),(1039,67,2),(1039,71,2),(1039,74,1),(1039,42,1),(1040,3,1),(1040,38,2),(1041,62,2),(1041,41,2),(1041,3,2),(1042,72,2),(1042,63,1),(1042,7,2),(1042,11,2),(1043,9,1),(1044,41,1),(1044,39,2),(1044,67,1),(1045,6,1),(1045,41,2),(1045,68,2),(1045,39,2),(1046,2,2),(1046,38,1),(1046,8,1),(1046,63,1),(1047,69,2),(1048,59,2),(1048,61,1),(1048,69,2),(1048,8,1),(1049,9,2),(1049,39,1),(1049,54,1),(1049,62,2),(1050,65,1),(1050,51,1),(1050,70,1),(1051,54,1),(1052,9,1),(1052,60,2),(1053,39,2),(1053,53,1),(1054,39,1),(1054,7,2),(1055,65,1),(1055,12,1),(1055,64,2),(1056,7,1),(1057,40,2),(1057,69,1),(1057,2,2),(1058,4,1),(1058,70,2),(1058,55,2),(1059,62,1),(1059,38,2),(1060,71,1),(1060,7,2),(1060,8,1),(1061,73,2),(1062,8,1),(1062,60,2),(1062,3,1),(1063,59,2),(1063,70,2),(1064,54,2),(1064,72,1),(1064,71,2),(1064,11,2),(1065,8,2),(1065,72,1),(1065,63,1),(1065,66,1),(1066,9,1),(1066,7,2),(1067,57,2),(1067,60,2),(1068,52,1),(1068,53,1),(1068,4,1),(1069,70,2),(1070,59,1),(1071,74,2),(1071,2,2),(1071,39,1),(1072,68,1),(1072,1,2),(1072,62,2),(1073,3,2),(1073,38,2),(1073,73,1),(1074,59,1),(1074,56,2),(1074,61,2),(1074,64,1),(1075,8,1),(1075,2,1),(1075,62,1),(1075,73,1),(1076,39,2),(1076,12,1),(1076,41,2),(1077,3,1),(1077,2,2),(1077,72,2),(1077,71,1),(1078,56,2),(1078,74,1),(1078,4,1),(1078,63,1),(1079,56,2),(1079,62,2),(1080,63,1),(1080,41,1),(1080,54,2),(1080,57,1),(1081,9,2),(1081,59,1),(1081,55,1),(1082,69,1),(1083,55,2),(1083,71,2),(1084,51,1),(1084,66,2),(1084,56,1),(1085,63,2),(1085,3,2),(1085,61,1),(1085,52,1),(1086,72,2),(1086,12,1),(1086,65,1),(1086,54,1),(1087,10,1),(1087,59,2),(1087,66,1),(1088,4,1),(1089,1,2),(1089,73,2),(1089,69,2),(1089,63,2),(1090,5,1),(1090,7,2),(1090,41,1),(1091,38,2),(1091,73,1),(1091,56,1),(1092,56,1),(1092,1,2),(1092,67,1),(1092,11,2),(1093,11,1),(1093,63,2),(1093,12,2),(1093,55,1),(1094,69,1),(1094,54,2),(1095,57,2),(1096,55,2),(1097,53,1),(1097,7,1),(1097,2,1),(1098,64,1),(1098,1,2),(1098,57,2),(1099,69,2),(1099,3,2),(1099,5,2),(1099,74,1),(1100,57,2),(1100,5,1),(1100,69,1),(1100,7,1),(1101,10,2),(1101,70,2),(1102,10,2),(1102,7,1),(1103,42,1),(1103,61,1),(1103,1,2),(1103,39,1),(1104,62,1),(1104,64,2),(1104,73,1),(1104,69,1),(1105,69,2),(1105,60,2),(1106,2,2),(1106,66,2),(1107,52,2),(1107,62,2),(1107,71,1),(1107,39,2),(1108,51,2),(1108,70,2),(1109,6,2),(1109,51,2),(1109,62,2),(1110,70,2),(1110,71,2),(1110,54,1),(1110,8,2),(1111,10,1),(1111,40,2),(1111,12,2),(1111,58,1),(1112,55,2),(1112,66,2),(1112,54,1),(1112,53,2),(1113,12,1),(1114,62,2),(1114,53,2),(1114,2,1),(1114,56,1),(1115,55,1),(1116,8,1),(1116,51,1),(1116,54,1),(1116,74,2),(1117,7,2),(1117,70,2),(1118,1,1),(1119,12,2),(1119,72,1),(1120,72,1),(1120,69,2),(1121,68,2),(1121,62,1),(1122,51,2),(1122,1,2),(1122,42,1),(1122,69,1),(1123,4,1),(1123,3,1),(1123,67,2),(1123,61,1),(1124,39,2),(1124,1,2),(1124,41,2),(1125,68,2),(1125,3,1),(1126,2,1),(1126,57,2),(1127,68,1),(1127,51,2),(1127,59,2),(1128,60,1),(1128,74,2),(1128,1,1),(1128,55,2),(1129,55,1),(1129,41,2),(1129,12,2),(1130,5,2),(1130,10,2),(1130,62,1),(1130,38,1),(1131,7,1),(1131,1,2),(1132,74,1),(1132,2,2),(1132,1,2),(1132,40,2),(1133,1,1),(1133,74,1),(1133,59,1),(1133,6,2),(1134,57,1),(1134,4,2),(1135,51,1),(1135,41,2),(1136,38,2),(1136,56,2),(1137,2,1),(1137,59,2),(1137,5,1),(1137,60,1),(1138,74,1),(1139,1,1),(1139,6,1),(1139,61,2),(1140,52,2),(1141,67,1),(1141,68,1),(1141,51,2),(1141,70,1),(1142,54,1),(1142,65,2),(1143,2,2),(1144,56,2),(1145,7,2),(1146,40,1),(1146,67,2),(1146,4,2),(1146,8,2),(1147,54,2),(1148,71,1),(1148,10,2),(1148,3,2),(1148,61,1),(1149,64,1),(1150,61,2),(1150,42,2),(1151,10,1),(1152,66,2),(1152,65,1),(1152,56,2),(1153,72,1),(1153,55,2),(1153,58,2),(1153,66,2),(1154,66,1),(1155,55,1),(1155,70,1),(1155,3,1),(1156,70,1),(1156,73,2),(1156,2,2),(1157,70,1),(1157,62,1),(1157,63,2),(1157,9,1),(1158,65,1),(1158,42,2),(1158,57,1),(1158,60,1),(1159,10,1),(1159,63,1),(1159,51,1),(1160,39,1),(1160,56,1),(1160,10,2),(1160,53,2),(1161,56,1),(1161,41,1),(1161,51,1),(1162,4,2),(1162,62,1),(1163,74,2),(1163,53,2),(1163,64,1),(1164,58,2),(1164,8,2),(1164,11,1),(1165,42,1),(1166,9,2),(1166,6,2),(1167,2,1),(1167,52,1),(1167,69,2),(1168,55,2),(1169,65,1),(1169,2,1),(1169,72,1),(1169,55,1),(1170,71,1),(1171,63,1),(1171,54,1),(1171,73,1),(1172,56,2),(1172,39,1),(1172,42,2),(1173,72,1),(1173,71,1),(1173,64,2),(1173,66,2),(1174,5,1),(1174,51,2),(1174,54,1),(1175,55,2),(1175,5,2),(1175,38,1),(1175,10,2),(1176,58,1),(1176,67,1),(1177,58,2),(1178,8,2),(1178,63,1),(1178,51,2),(1179,12,1),(1180,9,1),(1180,38,1),(1180,64,1),(1181,53,2),(1181,61,2),(1181,40,2),(1181,11,1),(1182,72,1),(1183,2,1),(1183,74,1),(1184,2,2),(1185,51,2),(1185,63,1),(1186,40,1),(1186,73,1),(1186,9,2),(1186,3,2),(1187,8,1),(1188,73,2),(1188,61,1),(1189,58,2),(1190,74,1),(1190,4,2),(1190,11,1),(1190,40,1),(1191,53,2),(1191,12,2),(1192,54,2),(1192,73,2),(1192,69,2),(1193,53,1),(1193,52,1),(1194,64,2),(1194,10,1),(1194,5,2),(1195,38,1),(1195,40,1),(1195,55,1),(1195,12,2),(1196,51,1),(1196,59,1),(1197,61,2),(1197,41,1),(1197,56,1),(1197,52,2),(1198,5,2),(1198,11,1),(1199,40,2),(1199,74,2);

INSERT INTO Pizaria.PizaIngrediente(piz_ID,ing_ID,quantidade) VALUES (2,13,0.3),(2,16,0.4),(2,20,0.3),(2,15,0.3),(2,21,0.4),(2,14,0.3),(3,13,0.3),(3,23,0.3),(3,20,0.4),(3,15,0.3),(3,21,0.3),(3,14,0.3),(4,13,0.4),(4,24,0.3),(4,15,0.3),(4,21,0.4),(4,14,0.4),(5,13,0.3),(5,22,0.3),(5,37,0.3),(5,19,0.4),(5,15,0.4),(5,21,0.3),(6,13,0.4),(6,15,0.4),(6,21,0.3),(6,22,0.3),(6,27,0.4),(7,13,0.4),(7,15,0.3),(7,21,0.4),(7,35,0.4),(7,14,0.3),(7,30,0.3),(7,20,0.3),(7,28,0.4),(8,13,0.4),(8,15,0.4),(8,21,0.4),(8,31,0.3),(8,32,0.3),(8,33,0.4),(8,30,0.3),(9,13,0.4),(9,14,0.4),(9,15,0.3),(9,34,0.3),(10,13,0.4),(10,14,0.4),(10,35,0.4),(10,30,0.3),(10,20,0.4),(10,15,0.4),(11,13,0.4),(11,14,0.4),(11,17,0.4),(11,29,0.4),(11,32,0.3),(11,18,0.3),(11,33,0.3),(12,13,0.3),(12,14,0.4),(12,34,0.4),(12,36,0.4),(12,30,0.3),(12,32,0.3),(12,20,0.3),(13,13,0.3),(13,14,0.3),(13,15,0.4),(13,35,0.3),(13,36,0.3);